date,pipeline,build_number,build_state,job_name,job_state,commit,job_hours,sypd,walltime_per_step_s,last_sim_date,last_sim_days,last_step,percent_complete,run_name,t_end,dt,h_elem,z_elem,float_type,t_end_days,fraction_completed,error
2025-09-07 05:11:03.887000+00:00,climacoupler-cpu-gpu-benchmarks,254,passed,CPU ClimaAtmos without diagnostic EDMF,passed,508b9a9f4c1f2a56e9d7445fcf6ac74047e61170,0.6206663888888888,0.09072149675504759,,,0.4875,351.0,97.5,,,,,,,,0.975,
2025-09-07 05:11:15.873000+00:00,climacoupler-cpu-gpu-benchmarks,254,passed,GPU ClimaAtmos without diagnostic EDMF,passed,508b9a9f4c1f2a56e9d7445fcf6ac74047e61170,0.15740500000000002,1.6360532033423267,,,0.4875,351.0,97.5,,,,,,,,0.975,
2025-09-07 05:11:15.878000+00:00,climacoupler-cpu-gpu-benchmarks,254,passed,GPU ClimaAtmos with diagnostic EDMF,passed,508b9a9f4c1f2a56e9d7445fcf6ac74047e61170,0.2119272222222222,0.7382690989091273,,,0.4875,351.0,97.5,,,,,,,,0.975,
2025-09-07 05:48:19.987000+00:00,climacoupler-cpu-gpu-benchmarks,254,passed,CPU ClimaAtmos with diagnostic EDMF,passed,508b9a9f4c1f2a56e9d7445fcf6ac74047e61170,1.226906388888889,0.03707019565073659,,,0.4875,351.0,97.5,,,,,,,,0.975,
2025-09-07 05:48:35.996000+00:00,climacoupler-cpu-gpu-benchmarks,254,passed,GPU AMIP with diagnostic EDMF,passed,508b9a9f4c1f2a56e9d7445fcf6ac74047e61170,0.24757083333333332,1.4199680647554442,0.23137288,,0.4875,351.0,97.5,gpu_amip_diagedmf,12hours,120secs,16.0,,Float32,0.5,0.975,
2025-09-07 05:48:36.058000+00:00,climacoupler-cpu-gpu-benchmarks,254,passed,GPU AMIP with diagnostic EDMF and IO,passed,508b9a9f4c1f2a56e9d7445fcf6ac74047e61170,0.25216083333333333,1.2871350587414732,0.25525066,,0.4875,351.0,97.5,gpu_amip_diagedmf_io,12hours,120secs,16.0,,Float32,0.5,0.975,
2025-09-07 07:01:58.817000+00:00,climacoupler-cpu-gpu-benchmarks,254,passed,CPU AMIP with diagnostic EDMF,passed,508b9a9f4c1f2a56e9d7445fcf6ac74047e61170,0.6356155555555555,0.15546743651643188,2.1132534363305555,,0.4875,351.0,97.5,amip_diagedmf,12hours,120secs,16.0,,Float32,0.5,0.975,
2025-09-07 07:40:08.848000+00:00,climacoupler-cpu-gpu-benchmarks,254,passed,CPU AMIP with diagnostic EDMF and io,passed,508b9a9f4c1f2a56e9d7445fcf6ac74047e61170,0.6637805555555556,0.14921036837672863,2.2018717467833335,,0.4875,351.0,97.5,amip_diagedmf_io,12hours,120secs,16.0,,Float32,0.5,0.975,
2025-09-07 08:28:03.948000+00:00,climacoupler-longruns,928,failed,GPU AMIP + DecayWithHeight diffusion + integrated land,passed,508b9a9f4c1f2a56e9d7445fcf6ac74047e61170,23.567210555555555,2.081557223021436,0.15783477,,728.1666666666666,524288.0,99.5,amip_decaywithheight_integrated_land_gpu,732days,120secs,16.0,,Float32,732.0,0.995,
2025-09-07 08:28:03.948000+00:00,climacoupler-longruns,928,failed,GPU AMIP + ED only,passed,508b9a9f4c1f2a56e9d7445fcf6ac74047e61170,12.812209444444443,1.9195520297487612,0.1711556,,364.0833333333333,262144.0,99.5,amip_edonly_gpu,366days,120secs,16.0,,Float32,366.0,0.995,
2025-09-07 08:28:03.953000+00:00,climacoupler-longruns,928,failed,GPU AMIP + ED only + Earth topography + integrated land,failed,508b9a9f4c1f2a56e9d7445fcf6ac74047e61170,11.08554527777778,,,,255.0,183780.0,69.7,amip_edonly_topo_integrated_land_gpu,366days,120secs,16.0,,Float32,366.0,0.6970000000000001,"a exception was thrown during kernel execution on thread (484, 1, 1) in block (709, 1, 1)."
2025-09-07 08:28:04+00:00,climacoupler-longruns,928,failed,GPU AMIP + DecayWithHeight diffusion,passed,508b9a9f4c1f2a56e9d7445fcf6ac74047e61170,21.71914111111111,2.2512724363873766,0.14593618,,728.1666666666666,524288.0,99.5,amip_decaywithheight_gpu,732days,120secs,16.0,,Float32,732.0,0.995,
2025-09-07 08:28:04.007000+00:00,climacoupler-longruns,928,failed,GPU AMIP + diag. EDMF + Earth topography,passed,508b9a9f4c1f2a56e9d7445fcf6ac74047e61170,20.001774166666667,1.0012544795071643,0.32813045,,287.0416666666667,206679.0,95.7,amip_diagedmf_topo_gpu,300days,120secs,16.0,,Float32,300.0,0.9570000000000001,
2025-09-07 08:28:04.192000+00:00,climacoupler-longruns,928,failed,GPU AMIP + ED only + 1M microphysics,failed,508b9a9f4c1f2a56e9d7445fcf6ac74047e61170,0.37995611111111116,,,,2.833333333333333,2048.0,0.8,amip_edonly_1M_gpu,366days,120secs,16.0,,Float32,366.0,0.008,"a exception was thrown during kernel execution on thread (449, 1, 1) in block (6, 1, 1)."
2025-09-07 08:28:04.252000+00:00,climacoupler-longruns,928,failed,GPU AMIP + ED only + Earth topography,passed,508b9a9f4c1f2a56e9d7445fcf6ac74047e61170,13.630875,1.8023384777171083,0.18228656,,364.0833333333333,262144.0,99.5,amip_edonly_topo_gpu,366days,120secs,16.0,,Float32,366.0,0.995,
2025-09-07 08:28:05.789000+00:00,climacoupler-longruns,928,failed,Aquaplanet: evolving slab ocean,failed,508b9a9f4c1f2a56e9d7445fcf6ac74047e61170,24.06557916666667,,,,8.0,3134.0,87.1,slabplanet_aqua_evolve_ocean,10days,240secs,8.0,,Float64,10.0,0.871,
2025-09-07 08:28:05.807000+00:00,climacoupler-longruns,928,failed,"Slabplanet: evolving slab ocean, bucket",failed,508b9a9f4c1f2a56e9d7445fcf6ac74047e61170,24.065521111111114,,,,8.0,3134.0,87.1,slabplanet_evolve_ocean,10days,240secs,8.0,,Float64,10.0,0.871,
2025-09-07 08:28:05.856000+00:00,climacoupler-longruns,928,failed,"Slabplanet: fixed ocean T, bucket",failed,508b9a9f4c1f2a56e9d7445fcf6ac74047e61170,24.0655425,,,,8.0,3134.0,87.1,slabplanet_fixed_ocean,10days,240secs,8.0,,Float64,10.0,0.871,
2025-09-07 08:50:53.776000+00:00,climacoupler-longruns,928,failed,GPU AMIP + diag. EDMF + Earth topography + integrated land,failed,508b9a9f4c1f2a56e9d7445fcf6ac74047e61170,0.4778825,,,,0.711111111111111,512.0,0.2,amip_diagedmf_topo_integrated_land_gpu,366days,120secs,16.0,,Float32,366.0,0.002,"a exception was thrown during kernel execution on thread (488, 1, 1) in block (33, 1, 1)."
2025-09-07 09:19:35.791000+00:00,climacoupler-longruns,928,failed,GPU CMIP: ClimaAtmos + ClimaLand + ClimaOcean + PrescribedSeaIce,failed,508b9a9f4c1f2a56e9d7445fcf6ac74047e61170,1.1185583333333333,,,,11.0,8192.0,6.1,cmip_edonly_land,186days,120secs,16.0,,Float32,186.0,0.061,"a exception was thrown during kernel execution on thread (639, 1, 1) in block (1690, 1, 1)."
2025-09-07 10:26:43.815000+00:00,climacoupler-longruns,928,failed,GPU CMIP: ClimaAtmos + Bucket + ClimaOcean + PrescribedSeaIce,failed,508b9a9f4c1f2a56e9d7445fcf6ac74047e61170,7.668898888888889,1.674086731619579,0.19625154,,182.04166666666666,131072.0,97.9,cmip_edonly_bucket,186days,120secs,16.0,,Float32,186.0,0.9790000000000001,"Some tests did not pass: 2 passed, 1 failed, 0 errored, 0 broken."
2025-09-14 07:19:04.943000+00:00,climacoupler-cpu-gpu-benchmarks,255,passed,CPU ClimaAtmos without diagnostic EDMF,passed,4c3410ae4ea78d0319c6218b21a07abe07a1c402,0.6185502777777777,0.09127445090856857,,,0.4875,351.0,97.5,,,,,,,,0.975,
2025-09-14 07:56:12.977000+00:00,climacoupler-cpu-gpu-benchmarks,255,passed,CPU ClimaAtmos with diagnostic EDMF,passed,4c3410ae4ea78d0319c6218b21a07abe07a1c402,1.2094247222222223,0.03721412444208078,,,0.4875,351.0,97.5,,,,,,,,0.975,
2025-09-14 07:56:38.487000+00:00,climacoupler-cpu-gpu-benchmarks,255,passed,GPU ClimaAtmos without diagnostic EDMF,passed,4c3410ae4ea78d0319c6218b21a07abe07a1c402,0.17808777777777776,1.629246915812523,,,0.4875,351.0,97.5,,,,,,,,0.975,
2025-09-14 09:08:48.821000+00:00,climacoupler-cpu-gpu-benchmarks,255,passed,CPU AMIP with diagnostic EDMF,passed,4c3410ae4ea78d0319c6218b21a07abe07a1c402,0.631026388888889,0.1537797460930671,2.136445811641667,,0.4875,351.0,97.5,amip_diagedmf,12hours,120secs,16.0,,Float32,0.5,0.975,
2025-09-14 09:46:41.904000+00:00,climacoupler-cpu-gpu-benchmarks,255,passed,GPU ClimaAtmos with diagnostic EDMF,passed,4c3410ae4ea78d0319c6218b21a07abe07a1c402,0.22335055555555555,0.739066659969052,,,0.4875,351.0,97.5,,,,,,,,0.975,
2025-09-14 09:46:41.908000+00:00,climacoupler-cpu-gpu-benchmarks,255,passed,CPU AMIP with diagnostic EDMF and io,passed,4c3410ae4ea78d0319c6218b21a07abe07a1c402,0.6480925,0.15207806202559493,2.1603516646638887,,0.4875,351.0,97.5,amip_diagedmf_io,12hours,120secs,16.0,,Float32,0.5,0.975,
2025-09-14 10:00:08.043000+00:00,climacoupler-cpu-gpu-benchmarks,255,passed,GPU AMIP with diagnostic EDMF,passed,4c3410ae4ea78d0319c6218b21a07abe07a1c402,0.2746533333333333,1.3552729755677029,0.24241765,,0.4875,351.0,97.5,gpu_amip_diagedmf,12hours,120secs,16.0,,Float32,0.5,0.975,
2025-09-14 10:14:40.981000+00:00,climacoupler-cpu-gpu-benchmarks,255,passed,GPU AMIP with diagnostic EDMF and IO,passed,4c3410ae4ea78d0319c6218b21a07abe07a1c402,0.26120916666666666,1.2785392706607532,0.25696677,,0.4875,351.0,97.5,gpu_amip_diagedmf_io,12hours,120secs,16.0,,Float32,0.5,0.975,
2025-09-14 10:41:03.960000+00:00,climacoupler-longruns,929,failed,GPU AMIP + DecayWithHeight diffusion,passed,4c3410ae4ea78d0319c6218b21a07abe07a1c402,21.56092638888889,2.2679297684129933,0.14486432,,728.1666666666666,524288.0,99.5,amip_decaywithheight_gpu,732days,120secs,16.0,,Float32,732.0,0.995,
2025-09-14 10:41:03.966000+00:00,climacoupler-longruns,929,failed,GPU AMIP + ED only,passed,4c3410ae4ea78d0319c6218b21a07abe07a1c402,12.968230833333333,1.8989982075840068,0.17300811,,364.0833333333333,262144.0,99.5,amip_edonly_gpu,366days,120secs,16.0,,Float32,366.0,0.995,
2025-09-14 10:41:04.007000+00:00,climacoupler-longruns,929,failed,GPU AMIP + DecayWithHeight diffusion + integrated land,failed,4c3410ae4ea78d0319c6218b21a07abe07a1c402,0.10140027777777778,,,,,,,amip_decaywithheight_integrated_land_gpu,732days,120secs,16.0,,Float32,732.0,,PeriodicCalendar() boundary condition cannot be used because data is defined at non uniform intervals of time
2025-09-14 10:41:04.016000+00:00,climacoupler-longruns,929,failed,GPU AMIP + ED only + 1M microphysics,failed,4c3410ae4ea78d0319c6218b21a07abe07a1c402,0.4376861111111111,,,,2.833333333333333,2048.0,0.8,amip_edonly_1M_gpu,366days,120secs,16.0,,Float32,366.0,0.008,"a exception was thrown during kernel execution on thread (609, 1, 1) in block (60, 1, 1)."
2025-09-14 10:41:04.027000+00:00,climacoupler-longruns,929,failed,GPU AMIP + ED only + Earth topography,passed,4c3410ae4ea78d0319c6218b21a07abe07a1c402,13.607278611111111,1.8087923061171598,0.18163617,,364.0833333333333,262144.0,99.5,amip_edonly_topo_gpu,366days,120secs,16.0,,Float32,366.0,0.995,
2025-09-14 10:41:05.900000+00:00,climacoupler-longruns,929,failed,"Slabplanet: evolving slab ocean, bucket",failed,4c3410ae4ea78d0319c6218b21a07abe07a1c402,24.065545,,,,8.0,3134.0,87.1,slabplanet_evolve_ocean,10days,240secs,8.0,,Float64,10.0,0.871,
2025-09-14 10:41:05.903000+00:00,climacoupler-longruns,929,failed,Aquaplanet: evolving slab ocean,failed,4c3410ae4ea78d0319c6218b21a07abe07a1c402,24.048686111111113,,,,8.0,3134.0,87.1,slabplanet_aqua_evolve_ocean,10days,240secs,8.0,,Float64,10.0,0.871,
2025-09-14 10:41:06.030000+00:00,climacoupler-longruns,929,failed,"Slabplanet: fixed ocean T, bucket",failed,4c3410ae4ea78d0319c6218b21a07abe07a1c402,24.06561722222222,,,,8.0,3134.0,87.1,slabplanet_fixed_ocean,10days,240secs,8.0,,Float64,10.0,0.871,
2025-09-14 10:47:10.861000+00:00,climacoupler-longruns,929,failed,GPU AMIP + ED only + Earth topography + integrated land,failed,4c3410ae4ea78d0319c6218b21a07abe07a1c402,0.11333916666666667,,,,,,,amip_edonly_topo_integrated_land_gpu,366days,120secs,16.0,,Float32,366.0,,PeriodicCalendar() boundary condition cannot be used because data is defined at non uniform intervals of time
2025-09-14 10:54:00.813000+00:00,climacoupler-longruns,929,failed,GPU AMIP + diag. EDMF + Earth topography,passed,4c3410ae4ea78d0319c6218b21a07abe07a1c402,20.06171,0.998418849887881,0.3290624,,287.0416666666667,206679.0,95.7,amip_diagedmf_topo_gpu,300days,120secs,16.0,,Float32,300.0,0.9570000000000001,
2025-09-14 11:07:20.834000+00:00,climacoupler-longruns,929,failed,GPU AMIP + diag. EDMF + Earth topography + integrated land,failed,4c3410ae4ea78d0319c6218b21a07abe07a1c402,0.10948361111111111,,,,,,,amip_diagedmf_topo_integrated_land_gpu,366days,120secs,16.0,,Float32,366.0,,PeriodicCalendar() boundary condition cannot be used because data is defined at non uniform intervals of time
2025-09-14 11:13:56.930000+00:00,climacoupler-longruns,929,failed,GPU CMIP: ClimaAtmos + ClimaLand + ClimaOcean + PrescribedSeaIce,failed,4c3410ae4ea78d0319c6218b21a07abe07a1c402,0.8042694444444444,,,,1.4166666666666665,1024.0,0.8,cmip_edonly_land,186days,120secs,16.0,,Float32,186.0,0.008,"a exception was thrown during kernel execution on thread (522, 1, 1) in block (1865, 1, 1)."
2025-09-14 11:18:00.446000+00:00,climacoupler-longruns,929,failed,GPU CMIP: ClimaAtmos + Bucket + ClimaOcean + PrescribedSeaIce,failed,4c3410ae4ea78d0319c6218b21a07abe07a1c402,0.11565694444444445,,,,,,,cmip_edonly_bucket,186days,120secs,16.0,,Float32,186.0,,NetCDF error: Opening path /scratch/clima/slurm-buildkite/climacoupler-longruns/929/depot/default/scratchspaces/0376089a-ecfe-4b0e-a64f-9c555d74d754/ETOPO/ETOPO
2025-09-21 05:11:04.876000+00:00,climacoupler-cpu-gpu-benchmarks,256,passed,CPU ClimaAtmos without diagnostic EDMF,passed,44c3021f93665f23d4a85a68c920e3a61e7cf5ad,0.6712861111111111,0.08767985619518044,,,0.4875,351.0,97.5,,,,,,,,0.975,
2025-09-21 05:11:04.895000+00:00,climacoupler-cpu-gpu-benchmarks,256,passed,CPU ClimaAtmos with diagnostic EDMF,passed,44c3021f93665f23d4a85a68c920e3a61e7cf5ad,1.248028888888889,0.03749304610867815,,,0.4875,351.0,97.5,,,,,,,,0.975,
2025-09-21 05:51:22.951000+00:00,climacoupler-cpu-gpu-benchmarks,256,passed,CPU AMIP with diagnostic EDMF,passed,44c3021f93665f23d4a85a68c920e3a61e7cf5ad,0.727181388888889,0.14915680675054907,2.2026624303194446,,0.4875,351.0,97.5,amip_diagedmf,12hours,120secs,16.0,,Float32,0.5,0.975,
2025-09-21 06:25:59.856000+00:00,climacoupler-cpu-gpu-benchmarks,256,passed,CPU AMIP with diagnostic EDMF and io,passed,44c3021f93665f23d4a85a68c920e3a61e7cf5ad,0.6934352777777778,0.15258481479225836,2.153176873486111,,0.4875,351.0,97.5,amip_diagedmf_io,12hours,120secs,16.0,,Float32,0.5,0.975,
2025-09-21 06:35:02.467000+00:00,climacoupler-cpu-gpu-benchmarks,256,passed,GPU AMIP with diagnostic EDMF and IO,passed,44c3021f93665f23d4a85a68c920e3a61e7cf5ad,0.24282194444444444,1.2991686347043205,0.2528864,,0.4875,351.0,97.5,gpu_amip_diagedmf_io,12hours,120secs,16.0,,Float32,0.5,0.975,
2025-09-21 06:35:02.622000+00:00,climacoupler-cpu-gpu-benchmarks,256,passed,GPU ClimaAtmos without diagnostic EDMF,passed,44c3021f93665f23d4a85a68c920e3a61e7cf5ad,0.17064944444444444,1.6328730695661566,,,0.4875,351.0,97.5,,,,,,,,0.975,
2025-09-21 06:35:03.089000+00:00,climacoupler-cpu-gpu-benchmarks,256,passed,GPU AMIP with diagnostic EDMF,passed,44c3021f93665f23d4a85a68c920e3a61e7cf5ad,0.2295836111111111,1.4285911345983537,0.2299763,,0.4875,351.0,97.5,gpu_amip_diagedmf,12hours,120secs,16.0,,Float32,0.5,0.975,
2025-09-21 06:35:03.625000+00:00,climacoupler-cpu-gpu-benchmarks,256,passed,GPU ClimaAtmos with diagnostic EDMF,passed,44c3021f93665f23d4a85a68c920e3a61e7cf5ad,0.20151333333333332,0.7514452148892546,,,0.4875,351.0,97.5,,,,,,,,0.975,
2025-09-21 08:27:03.969000+00:00,climacoupler-longruns,930,failed,GPU AMIP + DecayWithHeight diffusion + integrated land,failed,44c3021f93665f23d4a85a68c920e3a61e7cf5ad,0.10701722222222222,,,,,,,amip_decaywithheight_integrated_land_gpu,732days,120secs,16.0,,Float32,732.0,,PeriodicCalendar() boundary condition cannot be used because data is defined at non uniform intervals of time
2025-09-21 08:27:04.070000+00:00,climacoupler-longruns,930,failed,GPU AMIP + diag. EDMF + Earth topography + integrated land,failed,44c3021f93665f23d4a85a68c920e3a61e7cf5ad,0.1272061111111111,,,,,,,amip_diagedmf_topo_integrated_land_gpu,366days,120secs,16.0,,Float32,366.0,,PeriodicCalendar() boundary condition cannot be used because data is defined at non uniform intervals of time
2025-09-21 08:27:04.099000+00:00,climacoupler-longruns,930,failed,GPU AMIP + ED only + Earth topography + integrated land,failed,44c3021f93665f23d4a85a68c920e3a61e7cf5ad,0.10787972222222222,,,,,,,amip_edonly_topo_integrated_land_gpu,366days,120secs,16.0,,Float32,366.0,,PeriodicCalendar() boundary condition cannot be used because data is defined at non uniform intervals of time
2025-09-21 08:27:04.112000+00:00,climacoupler-longruns,930,failed,GPU AMIP + ED only + Earth topography,passed,44c3021f93665f23d4a85a68c920e3a61e7cf5ad,13.597180277777777,1.8087453655119412,0.18164088,,364.0833333333333,262144.0,99.5,amip_edonly_topo_gpu,366days,120secs,16.0,,Float32,366.0,0.995,
2025-09-21 08:27:04.167000+00:00,climacoupler-longruns,930,failed,GPU AMIP + DecayWithHeight diffusion,passed,44c3021f93665f23d4a85a68c920e3a61e7cf5ad,21.567550833333335,2.2680713385258966,0.14485528,,728.1666666666666,524288.0,99.5,amip_decaywithheight_gpu,732days,120secs,16.0,,Float32,732.0,0.995,
2025-09-21 08:27:04.168000+00:00,climacoupler-longruns,930,failed,GPU AMIP + ED only + 1M microphysics,failed,44c3021f93665f23d4a85a68c920e3a61e7cf5ad,0.47098416666666665,,,,2.833333333333333,2048.0,0.8,amip_edonly_1M_gpu,366days,120secs,16.0,,Float32,366.0,0.008,"a exception was thrown during kernel execution on thread (417, 1, 1) in block (28, 1, 1)."
2025-09-21 08:27:04.234000+00:00,climacoupler-longruns,930,failed,GPU AMIP + ED only,passed,44c3021f93665f23d4a85a68c920e3a61e7cf5ad,12.913506666666668,1.908062029497516,0.17218627,,364.0833333333333,262144.0,99.5,amip_edonly_gpu,366days,120secs,16.0,,Float32,366.0,0.995,
2025-09-21 08:27:04.278000+00:00,climacoupler-longruns,930,failed,GPU AMIP + diag. EDMF + Earth topography,passed,44c3021f93665f23d4a85a68c920e3a61e7cf5ad,19.794494166666667,1.0112162202271036,0.32489797,,287.0416666666667,206679.0,95.7,amip_diagedmf_topo_gpu,300days,120secs,16.0,,Float32,300.0,0.9570000000000001,
2025-09-21 08:27:04.940000+00:00,climacoupler-longruns,930,failed,"Slabplanet: fixed ocean T, bucket",failed,44c3021f93665f23d4a85a68c920e3a61e7cf5ad,24.06564583333333,,,,8.0,3134.0,87.1,slabplanet_fixed_ocean,10days,240secs,8.0,,Float64,10.0,0.871,
2025-09-21 08:27:04.941000+00:00,climacoupler-longruns,930,failed,Aquaplanet: evolving slab ocean,failed,44c3021f93665f23d4a85a68c920e3a61e7cf5ad,24.049026944444446,,,,8.0,3134.0,87.1,slabplanet_aqua_evolve_ocean,10days,240secs,8.0,,Float64,10.0,0.871,
2025-09-21 08:27:05.020000+00:00,climacoupler-longruns,930,failed,"Slabplanet: evolving slab ocean, bucket",failed,44c3021f93665f23d4a85a68c920e3a61e7cf5ad,24.065683055555557,,,,8.0,3134.0,87.1,slabplanet_evolve_ocean,10days,240secs,8.0,,Float64,10.0,0.871,
2025-09-21 08:33:30.868000+00:00,climacoupler-longruns,930,failed,GPU CMIP: ClimaAtmos + ClimaLand + ClimaOcean + PrescribedSeaIce,failed,44c3021f93665f23d4a85a68c920e3a61e7cf5ad,0.9890672222222222,,,,1.4166666666666665,1024.0,0.8,cmip_edonly_land,186days,120secs,16.0,,Float32,186.0,0.008,"a exception was thrown during kernel execution on thread (522, 1, 1) in block (1865, 1, 1)."
2025-09-21 08:33:33.856000+00:00,climacoupler-longruns,930,failed,GPU CMIP: ClimaAtmos + Bucket + ClimaOcean + PrescribedSeaIce,failed,44c3021f93665f23d4a85a68c920e3a61e7cf5ad,7.738554444444444,1.6646514625758067,0.1973639,,182.04166666666666,131072.0,97.9,cmip_edonly_bucket,186days,120secs,16.0,,Float32,186.0,0.9790000000000001,"Some tests did not pass: 2 passed, 1 failed, 0 errored, 0 broken."
2025-09-28 05:12:04.447000+00:00,climacoupler-cpu-gpu-benchmarks,257,failed,CPU ClimaAtmos without diagnostic EDMF,passed,e3652957eadc10eac86195f1025df878262b6175,0.6386194444444445,0.09078790076057569,,,0.4875,351.0,97.5,,,,,,,,0.975,
2025-09-28 05:50:24.799000+00:00,climacoupler-cpu-gpu-benchmarks,257,failed,CPU ClimaAtmos with diagnostic EDMF,passed,e3652957eadc10eac86195f1025df878262b6175,1.1952969444444446,0.03910851466402488,,,0.4875,351.0,97.5,,,,,,,,0.975,
2025-09-28 07:02:09.933000+00:00,climacoupler-cpu-gpu-benchmarks,257,failed,CPU AMIP with diagnostic EDMF,failed,e3652957eadc10eac86195f1025df878262b6175,0.5865750000000001,,,,0.04444444444444444,32.0,8.9,amip_diagedmf,12hours,120secs,30.0,63.0,Float32,0.5,0.08900000000000001,Failed to converge with printed set of inputs.
2025-09-28 07:37:24.885000+00:00,climacoupler-cpu-gpu-benchmarks,257,failed,GPU AMIP with diagnostic EDMF,failed,e3652957eadc10eac86195f1025df878262b6175,0.25284694444444444,,,,0.04444444444444444,32.0,8.9,gpu_amip_diagedmf,12hours,120secs,30.0,63.0,Float32,0.5,0.08900000000000001,"a exception was thrown during kernel execution on thread (7, 1, 1) in block (661, 1, 1)."
2025-09-28 07:37:24.913000+00:00,climacoupler-cpu-gpu-benchmarks,257,failed,GPU ClimaAtmos without diagnostic EDMF,passed,e3652957eadc10eac86195f1025df878262b6175,0.17005083333333332,1.6318157133088895,,,0.4875,351.0,97.5,,,,,,,,0.975,
2025-09-28 07:37:24.932000+00:00,climacoupler-cpu-gpu-benchmarks,257,failed,GPU ClimaAtmos with diagnostic EDMF,passed,e3652957eadc10eac86195f1025df878262b6175,0.22024972222222222,0.751336323763089,,,0.4875,351.0,97.5,,,,,,,,0.975,
2025-09-28 07:37:24.989000+00:00,climacoupler-cpu-gpu-benchmarks,257,failed,CPU AMIP with diagnostic EDMF and io,failed,e3652957eadc10eac86195f1025df878262b6175,0.6104633333333334,,,,0.04444444444444444,32.0,8.9,amip_diagedmf_io,12hours,120secs,30.0,63.0,Float32,0.5,0.08900000000000001,Failed to converge with printed set of inputs.
2025-09-28 07:47:38.805000+00:00,climacoupler-cpu-gpu-benchmarks,257,failed,GPU AMIP with diagnostic EDMF and IO,failed,e3652957eadc10eac86195f1025df878262b6175,0.2821788888888889,,,,0.04444444444444444,32.0,8.9,gpu_amip_diagedmf_io,12hours,120secs,30.0,63.0,Float32,0.5,0.08900000000000001,"a exception was thrown during kernel execution on thread (615, 1, 1) in block (660, 1, 1)."
2025-09-28 08:31:04.029000+00:00,climacoupler-longruns,949,failed,GPU AMIP + diag. EDMF + Earth topography,passed,e3652957eadc10eac86195f1025df878262b6175,19.80853833333333,1.0112441390422588,0.324889,,287.0416666666667,206679.0,95.7,amip_diagedmf_topo_gpu,300days,120secs,16.0,63.0,Float32,300.0,0.9570000000000001,
2025-09-28 08:31:04.032000+00:00,climacoupler-longruns,949,failed,GPU AMIP + ED only + Earth topography + integrated land,failed,e3652957eadc10eac86195f1025df878262b6175,0.11683972222222222,,,,,,,amip_edonly_topo_integrated_land_gpu,366days,120secs,16.0,63.0,Float32,366.0,,PeriodicCalendar() boundary condition cannot be used because data is defined at non uniform intervals of time
2025-09-28 08:31:04.041000+00:00,climacoupler-longruns,949,failed,GPU AMIP + ED only + Earth topography,passed,e3652957eadc10eac86195f1025df878262b6175,13.675958888888887,1.8007432196664468,0.18244806,,364.0833333333333,262144.0,99.5,amip_edonly_topo_gpu,366days,120secs,16.0,63.0,Float32,366.0,0.995,
2025-09-28 08:31:04.046000+00:00,climacoupler-longruns,949,failed,GPU AMIP + DecayWithHeight diffusion + integrated land,failed,e3652957eadc10eac86195f1025df878262b6175,0.10920166666666666,,,,,,,amip_decaywithheight_integrated_land_gpu,732days,120secs,16.0,63.0,Float32,732.0,,PeriodicCalendar() boundary condition cannot be used because data is defined at non uniform intervals of time
2025-09-28 08:31:04.054000+00:00,climacoupler-longruns,949,failed,GPU AMIP + DecayWithHeight diffusion,passed,e3652957eadc10eac86195f1025df878262b6175,21.49503388888889,2.273753570761937,0.14449327,,728.1666666666666,524288.0,99.5,amip_decaywithheight_gpu,732days,120secs,16.0,63.0,Float32,732.0,0.995,
2025-09-28 08:31:04.117000+00:00,climacoupler-longruns,949,failed,GPU AMIP + ED only,passed,e3652957eadc10eac86195f1025df878262b6175,12.816459166666666,1.918369740951098,0.17126109,,364.0833333333333,262144.0,99.5,amip_edonly_gpu,366days,120secs,16.0,63.0,Float32,366.0,0.995,
2025-09-28 08:31:04.165000+00:00,climacoupler-longruns,949,failed,GPU AMIP + ED only + 1M microphysics,failed,e3652957eadc10eac86195f1025df878262b6175,0.48406166666666667,,,,2.833333333333333,2048.0,0.8,amip_edonly_1M_gpu,366days,120secs,16.0,63.0,Float32,366.0,0.008,"a exception was thrown during kernel execution on thread (97, 1, 1) in block (7, 1, 1)."
2025-09-28 08:31:05.908000+00:00,climacoupler-longruns,949,failed,"Slabplanet: fixed ocean T, bucket",passed,e3652957eadc10eac86195f1025df878262b6175,19.57785111111111,0.03399242750344717,19.33031081246167,,9.0,3496.0,97.1,slabplanet_fixed_ocean,10days,240secs,8.0,63.0,Float64,10.0,0.971,
2025-09-28 08:31:05.965000+00:00,climacoupler-longruns,949,failed,"Slabplanet: evolving slab ocean, bucket",passed,e3652957eadc10eac86195f1025df878262b6175,19.508496666666666,0.0341164676306038,19.260029966357777,,9.0,3496.0,97.1,slabplanet_evolve_ocean,10days,240secs,8.0,63.0,Float64,10.0,0.971,
2025-09-28 08:31:05.985000+00:00,climacoupler-longruns,949,failed,Aquaplanet: evolving slab ocean,passed,e3652957eadc10eac86195f1025df878262b6175,19.573059444444443,0.0339937648144759,19.32955036012639,,9.0,3496.0,97.1,slabplanet_aqua_evolve_ocean,10days,240secs,8.0,63.0,Float64,10.0,0.971,
2025-09-28 08:37:38.899000+00:00,climacoupler-longruns,949,failed,GPU AMIP + diag. EDMF + Earth topography + integrated land,failed,e3652957eadc10eac86195f1025df878262b6175,0.1298775,,,,,,,amip_diagedmf_topo_integrated_land_gpu,366days,120secs,16.0,63.0,Float32,366.0,,PeriodicCalendar() boundary condition cannot be used because data is defined at non uniform intervals of time
2025-09-28 08:38:05.874000+00:00,climacoupler-longruns,949,failed,GPU CMIP: ClimaAtmos + ClimaLand + ClimaOcean + PrescribedSeaIce,failed,e3652957eadc10eac86195f1025df878262b6175,2.3381422222222223,,,,11.0,8192.0,6.1,cmip_edonly_land,186days,120secs,16.0,63.0,Float32,186.0,0.061,"a exception was thrown during kernel execution on thread (150, 1, 1) in block (1864, 1, 1)."
2025-09-28 08:45:27.924000+00:00,climacoupler-longruns,949,failed,GPU CMIP: ClimaAtmos + Bucket + ClimaOcean + PrescribedSeaIce,failed,e3652957eadc10eac86195f1025df878262b6175,7.761214166666666,1.6675547545656229,0.19702028,,182.04166666666666,131072.0,97.9,cmip_edonly_bucket,186days,120secs,16.0,63.0,Float32,186.0,0.9790000000000001,"Some tests did not pass: 2 passed, 1 failed, 0 errored, 0 broken."
2025-10-05 05:17:03.989000+00:00,climacoupler-cpu-gpu-benchmarks,259,passed,CPU ClimaAtmos without diagnostic EDMF,passed,d2bf7d687c3f73dc1e47b8518336786959a6a2c5,0.6469891666666667,0.09044917565355744,,,0.4875,351.0,97.5,,,,,,,,0.975,
2025-10-05 05:55:54.778000+00:00,climacoupler-cpu-gpu-benchmarks,259,passed,CPU ClimaAtmos with diagnostic EDMF,passed,d2bf7d687c3f73dc1e47b8518336786959a6a2c5,1.2162344444444446,0.038261723005163895,,,0.4875,351.0,97.5,,,,,,,,0.975,
2025-10-05 07:08:54.852000+00:00,climacoupler-cpu-gpu-benchmarks,259,passed,CPU AMIP with diagnostic EDMF,passed,d2bf7d687c3f73dc1e47b8518336786959a6a2c5,1.354731111111111,0.037368730330625766,8.79189877603611,,0.4875,351.0,97.5,amip_diagedmf,12hours,120secs,30.0,63.0,Float32,0.5,0.975,
2025-10-05 08:30:14.090000+00:00,climacoupler-cpu-gpu-benchmarks,259,passed,CPU AMIP with diagnostic EDMF and io,passed,d2bf7d687c3f73dc1e47b8518336786959a6a2c5,1.4081105555555558,0.036540462863376005,8.991185899430555,,0.4875,351.0,97.5,amip_diagedmf_io,12hours,120secs,30.0,63.0,Float32,0.5,0.975,
2025-10-05 08:30:14.147000+00:00,climacoupler-cpu-gpu-benchmarks,259,passed,GPU ClimaAtmos without diagnostic EDMF,passed,d2bf7d687c3f73dc1e47b8518336786959a6a2c5,0.17438333333333333,1.632657742887759,,,0.4875,351.0,97.5,,,,,,,,0.975,
2025-10-05 08:30:15.600000+00:00,climacoupler-cpu-gpu-benchmarks,259,passed,GPU ClimaAtmos with diagnostic EDMF,passed,d2bf7d687c3f73dc1e47b8518336786959a6a2c5,0.20534805555555558,0.749366100412168,,,0.4875,351.0,97.5,,,,,,,,0.975,
2025-10-05 08:30:15.717000+00:00,climacoupler-cpu-gpu-benchmarks,259,passed,GPU AMIP with diagnostic EDMF,passed,d2bf7d687c3f73dc1e47b8518336786959a6a2c5,0.25647749999999997,0.7106729935893347,0.46229714,,0.4875,351.0,97.5,gpu_amip_diagedmf,12hours,120secs,30.0,63.0,Float32,0.5,0.975,
2025-10-05 08:40:43.887000+00:00,climacoupler-cpu-gpu-benchmarks,259,passed,GPU AMIP with diagnostic EDMF and IO,passed,d2bf7d687c3f73dc1e47b8518336786959a6a2c5,0.31002805555555557,0.6440152405176647,0.51014644,,0.4875,351.0,97.5,gpu_amip_diagedmf_io,12hours,120secs,30.0,63.0,Float32,0.5,0.975,
2025-10-05 08:50:04.905000+00:00,climacoupler-amip,171,passed,Current AMIP: diagedmf + 0M + bucket land,passed,d2bf7d687c3f73dc1e47b8518336786959a6a2c5,78.224285,0.9277163983051488,0.35414067,,1057.5833333333333,761462.0,96.3,amip,1098days,120secs,16.0,63.0,Float32,1098.0,0.963,
2025-10-05 09:07:04.399000+00:00,climacoupler-longruns,967,failed,GPU AMIP + DecayWithHeight diffusion,passed,d2bf7d687c3f73dc1e47b8518336786959a6a2c5,21.606625833333336,2.263043227926042,0.14517711,,728.1666666666666,524288.0,99.5,amip_decaywithheight_gpu,732days,120secs,16.0,63.0,Float32,732.0,0.995,
2025-10-05 09:07:04.414000+00:00,climacoupler-longruns,967,failed,GPU AMIP + ED only + Earth topography,passed,d2bf7d687c3f73dc1e47b8518336786959a6a2c5,13.8622325,1.782902103207712,0.18427376,,364.0833333333333,262144.0,99.5,amip_edonly_topo_gpu,366days,120secs,16.0,63.0,Float32,366.0,0.995,
2025-10-05 09:07:04.423000+00:00,climacoupler-longruns,967,failed,GPU AMIP + DecayWithHeight diffusion + integrated land,failed,d2bf7d687c3f73dc1e47b8518336786959a6a2c5,24.04905361111111,,,,255.0,183778.0,34.9,amip_decaywithheight_integrated_land_gpu,732days,120secs,16.0,63.0,Float32,732.0,0.349,
2025-10-05 09:07:04.439000+00:00,climacoupler-longruns,967,failed,GPU AMIP + ED only + 1M microphysics,failed,d2bf7d687c3f73dc1e47b8518336786959a6a2c5,0.45868305555555555,,,,2.833333333333333,2048.0,0.8,amip_edonly_1M_gpu,366days,120secs,16.0,63.0,Float32,366.0,0.008,"a exception was thrown during kernel execution on thread (545, 1, 1) in block (6, 1, 1)."
2025-10-05 09:07:04.509000+00:00,climacoupler-longruns,967,failed,GPU AMIP + ED only,passed,d2bf7d687c3f73dc1e47b8518336786959a6a2c5,12.880503611111111,1.9146835475754551,0.1715908,,364.0833333333333,262144.0,99.5,amip_edonly_gpu,366days,120secs,16.0,63.0,Float32,366.0,0.995,
2025-10-05 09:07:04.542000+00:00,climacoupler-longruns,967,failed,GPU AMIP + ED only + Earth topography + integrated land,failed,d2bf7d687c3f73dc1e47b8518336786959a6a2c5,1.9697022222222222,,,,11.0,8192.0,3.1,amip_edonly_topo_integrated_land_gpu,366days,120secs,16.0,63.0,Float32,366.0,0.031,"a exception was thrown during kernel execution on thread (155, 1, 1) in block (1864, 1, 1)."
2025-10-05 09:07:04.930000+00:00,climacoupler-longruns,967,failed,"Slabplanet: fixed ocean T, bucket",passed,d2bf7d687c3f73dc1e47b8518336786959a6a2c5,19.69048388888889,0.0337988365765496,19.44102979472389,,9.0,3496.0,97.1,slabplanet_fixed_ocean,10days,240secs,8.0,63.0,Float64,10.0,0.971,
2025-10-05 09:07:04.982000+00:00,climacoupler-longruns,967,failed,"Slabplanet: evolving slab ocean, bucket",passed,d2bf7d687c3f73dc1e47b8518336786959a6a2c5,19.66895,0.03383152053864972,19.422248200787777,,9.0,3496.0,97.1,slabplanet_evolve_ocean,10days,240secs,8.0,63.0,Float64,10.0,0.971,
2025-10-05 09:07:04.997000+00:00,climacoupler-longruns,967,failed,Aquaplanet: evolving slab ocean,passed,d2bf7d687c3f73dc1e47b8518336786959a6a2c5,19.631254722222224,0.03389661690336414,19.384948969538332,,9.0,3496.0,97.1,slabplanet_aqua_evolve_ocean,10days,240secs,8.0,63.0,Float64,10.0,0.971,
2025-10-05 09:34:36.951000+00:00,climacoupler-longruns,967,failed,GPU AMIP + diag. EDMF + Earth topography,passed,d2bf7d687c3f73dc1e47b8518336786959a6a2c5,19.90623638888889,1.0082646473156678,0.32584906,,287.0416666666667,206679.0,95.7,amip_diagedmf_topo_gpu,300days,120secs,16.0,63.0,Float32,300.0,0.9570000000000001,
2025-10-05 11:05:16.904000+00:00,climacoupler-longruns,967,failed,GPU AMIP + diag. EDMF + Earth topography + integrated land,failed,d2bf7d687c3f73dc1e47b8518336786959a6a2c5,0.4913783333333333,,,,0.3555555555555555,256.0,0.1,amip_diagedmf_topo_integrated_land_gpu,366days,120secs,16.0,63.0,Float32,366.0,0.001,"a exception was thrown during kernel execution on thread (443, 1, 1) in block (6, 1, 1)."
2025-10-05 11:19:05.729000+00:00,climacoupler-longruns,967,failed,GPU CMIP: ClimaAtmos + ClimaLand + ClimaOcean + PrescribedSeaIce,failed,d2bf7d687c3f73dc1e47b8518336786959a6a2c5,0.6680366666666666,,,,0.711111111111111,512.0,0.4,cmip_edonly_land,186days,120secs,16.0,63.0,Float32,186.0,0.004,"a exception was thrown during kernel execution on thread (523, 1, 1) in block (1865, 1, 1)."
2025-10-05 11:34:47.932000+00:00,climacoupler-longruns,967,failed,GPU CMIP: ClimaAtmos + Bucket + ClimaOcean + PrescribedSeaIce,failed,d2bf7d687c3f73dc1e47b8518336786959a6a2c5,7.7202625,1.6663832741953928,0.19715878,,182.04166666666666,131072.0,97.9,cmip_edonly_bucket,186days,120secs,16.0,63.0,Float32,186.0,0.9790000000000001,"Some tests did not pass: 2 passed, 1 failed, 0 errored, 0 broken."
2025-10-12 05:12:04.818000+00:00,climacoupler-cpu-gpu-benchmarks,260,passed,CPU ClimaAtmos without diagnostic EDMF,passed,c23f4a78787a7f1bd10a5853a95b3f32f39a7677,0.6458161111111111,0.09014505340900465,,,0.4875,351.0,97.5,,,,,,,,0.975,
2025-10-12 05:50:50.873000+00:00,climacoupler-cpu-gpu-benchmarks,260,passed,CPU ClimaAtmos with diagnostic EDMF,passed,c23f4a78787a7f1bd10a5853a95b3f32f39a7677,1.2130258333333332,0.0383133764810812,,,0.4875,351.0,97.5,,,,,,,,0.975,
2025-10-12 07:03:38.816000+00:00,climacoupler-cpu-gpu-benchmarks,260,passed,CPU AMIP with diagnostic EDMF,passed,c23f4a78787a7f1bd10a5853a95b3f32f39a7677,1.3634797222222221,0.03707894925173022,8.860609620444444,,0.4875,351.0,97.5,amip_diagedmf,12hours,120secs,30.0,63.0,Float32,0.5,0.975,
2025-10-12 08:25:28.876000+00:00,climacoupler-cpu-gpu-benchmarks,260,passed,CPU AMIP with diagnostic EDMF and io,passed,c23f4a78787a7f1bd10a5853a95b3f32f39a7677,1.4053458333333333,0.036597386373600584,8.97720102473889,,0.4875,351.0,97.5,amip_diagedmf_io,12hours,120secs,30.0,63.0,Float32,0.5,0.975,
2025-10-12 08:25:28.908000+00:00,climacoupler-cpu-gpu-benchmarks,260,passed,GPU ClimaAtmos with diagnostic EDMF,passed,c23f4a78787a7f1bd10a5853a95b3f32f39a7677,0.2159911111111111,0.7509673768437017,,,0.4875,351.0,97.5,,,,,,,,0.975,
2025-10-12 08:25:28.999000+00:00,climacoupler-cpu-gpu-benchmarks,260,passed,GPU ClimaAtmos without diagnostic EDMF,passed,c23f4a78787a7f1bd10a5853a95b3f32f39a7677,0.16647499999999998,1.6310896177431853,,,0.4875,351.0,97.5,,,,,,,,0.975,
2025-10-12 08:25:29.078000+00:00,climacoupler-cpu-gpu-benchmarks,260,passed,GPU AMIP with diagnostic EDMF,passed,c23f4a78787a7f1bd10a5853a95b3f32f39a7677,0.2551394444444444,0.7092226806176979,0.4632425,,0.4875,351.0,97.5,gpu_amip_diagedmf,12hours,120secs,30.0,63.0,Float32,0.5,0.975,
2025-10-12 08:35:29.941000+00:00,climacoupler-cpu-gpu-benchmarks,260,passed,GPU AMIP with diagnostic EDMF and IO,passed,c23f4a78787a7f1bd10a5853a95b3f32f39a7677,0.29118,0.6504389101966218,0.5051083,,0.4875,351.0,97.5,gpu_amip_diagedmf_io,12hours,120secs,30.0,63.0,Float32,0.5,0.975,
2025-10-12 08:45:05.897000+00:00,climacoupler-amip,181,passed,Current AMIP: diagedmf + 0M + bucket land,passed,c23f4a78787a7f1bd10a5853a95b3f32f39a7677,77.35403500000001,0.9389908640037199,0.3498885,,1057.5833333333333,761462.0,96.3,amip,1098days,120secs,16.0,63.0,Float32,1098.0,0.963,
2025-10-19 05:12:03.660000+00:00,climacoupler-cpu-gpu-benchmarks,261,passed,CPU ClimaAtmos without diagnostic EDMF,passed,975925978a0567e399fd7d3d270d340780490001,0.6712980555555554,0.08342863986571065,,,0.4875,351.0,97.5,,,,,,,,0.975,
2025-10-19 05:52:21.874000+00:00,climacoupler-cpu-gpu-benchmarks,261,passed,CPU ClimaAtmos with diagnostic EDMF,passed,975925978a0567e399fd7d3d270d340780490001,1.239687777777778,0.03691078435015676,,,0.4875,351.0,97.5,,,,,,,,0.975,
2025-10-19 07:01:11.969000+00:00,climacoupler-cpu-gpu-benchmarks,261,passed,CPU AMIP with diagnostic EDMF,passed,975925978a0567e399fd7d3d270d340780490001,1.579528611111111,0.034010892004350125,9.659908196875001,,0.4875,351.0,97.5,amip_diagedmf,12hours,120secs,30.0,63.0,Float32,0.5,0.975,
2025-10-19 07:06:45.955000+00:00,climacoupler-cpu-gpu-benchmarks,261,passed,CPU AMIP with diagnostic EDMF and io,passed,975925978a0567e399fd7d3d270d340780490001,1.4869086111111112,0.03485808140661649,9.425134178311112,,0.4875,351.0,97.5,amip_diagedmf_io,12hours,120secs,30.0,63.0,Float32,0.5,0.975,
2025-10-19 08:35:59.871000+00:00,climacoupler-cpu-gpu-benchmarks,261,passed,GPU AMIP with diagnostic EDMF,passed,975925978a0567e399fd7d3d270d340780490001,0.2503238888888889,0.711107927049365,0.46201438,,0.4875,351.0,97.5,gpu_amip_diagedmf,12hours,120secs,30.0,63.0,Float32,0.5,0.975,
2025-10-19 08:35:59.910000+00:00,climacoupler-cpu-gpu-benchmarks,261,passed,GPU ClimaAtmos with diagnostic EDMF,passed,975925978a0567e399fd7d3d270d340780490001,0.20168527777777778,0.7445011395147343,,,0.4875,351.0,97.5,,,,,,,,0.975,
2025-10-19 08:35:59.914000+00:00,climacoupler-cpu-gpu-benchmarks,261,passed,GPU AMIP with diagnostic EDMF and IO,passed,975925978a0567e399fd7d3d270d340780490001,0.27139444444444444,0.6564387949345475,0.50049156,,0.4875,351.0,97.5,gpu_amip_diagedmf_io,12hours,120secs,30.0,63.0,Float32,0.5,0.975,
2025-10-19 08:35:59.925000+00:00,climacoupler-cpu-gpu-benchmarks,261,passed,GPU ClimaAtmos without diagnostic EDMF,passed,975925978a0567e399fd7d3d270d340780490001,0.15348,1.6124656800817099,,,0.4875,351.0,97.5,,,,,,,,0.975,
2025-10-19 08:58:04.872000+00:00,climacoupler-amip,190,failed,Current AMIP: diagedmf + 0M + bucket land,failed,975925978a0567e399fd7d3d270d340780490001,27.191599722222225,,,,364.0833333333333,262144.0,33.2,amip,1098days,120secs,16.0,63.0,Float32,1098.0,0.332,"a exception was thrown during kernel execution on thread (353, 1, 1) in block (7, 1, 1)."
2025-10-19 09:10:07.067000+00:00,climacoupler-longruns,969,failed,"Slabplanet: evolving slab ocean, bucket",passed,975925978a0567e399fd7d3d270d340780490001,20.67792,0.03216386743748131,20.42926554740083,,9.0,3496.0,97.1,slabplanet_evolve_ocean,10days,240secs,8.0,63.0,Float64,10.0,0.971,
2025-10-19 09:10:07.132000+00:00,climacoupler-longruns,969,failed,"Slabplanet: fixed ocean T, bucket",passed,975925978a0567e399fd7d3d270d340780490001,20.750181944444446,0.032053520189951695,20.499595208818608,,9.0,3496.0,97.1,slabplanet_fixed_ocean,10days,240secs,8.0,63.0,Float64,10.0,0.971,
2025-10-19 09:10:07.143000+00:00,climacoupler-longruns,969,failed,Aquaplanet: evolving slab ocean,passed,975925978a0567e399fd7d3d270d340780490001,20.781590833333333,0.03199568234191594,20.536651848518055,,9.0,3496.0,97.1,slabplanet_aqua_evolve_ocean,10days,240secs,8.0,63.0,Float64,10.0,0.971,
2025-10-19 09:11:03.809000+00:00,climacoupler-longruns,969,failed,GPU AMIP + DecayWithHeight diffusion,failed,975925978a0567e399fd7d3d270d340780490001,2.3864283333333334,,,,45.0,32768.0,6.2,amip_decaywithheight_gpu,732days,120secs,16.0,63.0,Float32,732.0,0.062,"a exception was thrown during kernel execution on thread (609, 1, 1) in block (7, 1, 1)."
2025-10-19 09:11:03.842000+00:00,climacoupler-longruns,969,failed,GPU AMIP + ED only + 1M microphysics,failed,975925978a0567e399fd7d3d270d340780490001,0.3936580555555556,,,,2.833333333333333,2048.0,0.8,amip_edonly_1M_gpu,366days,120secs,16.0,63.0,Float32,366.0,0.008,"a exception was thrown during kernel execution on thread (545, 1, 1) in block (103, 1, 1)."
2025-10-19 09:11:03.880000+00:00,climacoupler-longruns,969,failed,GPU AMIP + DecayWithHeight diffusion + integrated land,failed,975925978a0567e399fd7d3d270d340780490001,23.11108861111111,,,,218.0,157425.0,29.9,amip_decaywithheight_integrated_land_gpu,732days,120secs,16.0,63.0,Float32,732.0,0.299,"a exception was thrown during kernel execution on thread (545, 1, 1) in block (6, 1, 1)."
2025-10-19 09:11:03.957000+00:00,climacoupler-longruns,969,failed,GPU AMIP + ED only,failed,975925978a0567e399fd7d3d270d340780490001,8.123480555555556,,,,218.0,157426.0,59.7,amip_edonly_gpu,366days,120secs,16.0,63.0,Float32,366.0,0.597,"a exception was thrown during kernel execution on thread (513, 1, 1) in block (7, 1, 1)."
2025-10-19 09:34:42.787000+00:00,climacoupler-longruns,969,failed,GPU AMIP + ED only + Earth topography,failed,975925978a0567e399fd7d3d270d340780490001,8.607899166666668,,,,218.0,157426.0,59.7,amip_edonly_topo_gpu,366days,120secs,16.0,63.0,Float32,366.0,0.597,"a exception was thrown during kernel execution on thread (545, 1, 1) in block (7, 1, 1)."
2025-10-19 09:53:21.903000+00:00,climacoupler-longruns,969,failed,GPU AMIP + ED only + Earth topography + integrated land,failed,975925978a0567e399fd7d3d270d340780490001,16.28970138888889,,,,164.0,118244.0,44.9,amip_edonly_topo_integrated_land_gpu,366days,120secs,16.0,63.0,Float32,366.0,0.449,"a exception was thrown during kernel execution on thread (513, 1, 1) in block (61, 1, 1)."
2025-10-19 11:34:16.934000+00:00,climacoupler-longruns,969,failed,GPU AMIP + diag. EDMF + Earth topography,failed,975925978a0567e399fd7d3d270d340780490001,15.540732777777777,,,,227.0,163475.0,75.7,amip_diagedmf_topo_gpu,300days,120secs,16.0,63.0,Float32,300.0,0.757,"a exception was thrown during kernel execution on thread (481, 1, 1) in block (60, 1, 1)."
2025-10-19 17:18:29.900000+00:00,climacoupler-longruns,969,failed,GPU AMIP + diag. EDMF + Earth topography + integrated land,failed,975925978a0567e399fd7d3d270d340780490001,12.893699999999999,,,,91.02222222222223,65536.0,24.9,amip_diagedmf_topo_integrated_land_gpu,366days,120secs,16.0,63.0,Float32,366.0,0.249,"a exception was thrown during kernel execution on thread (545, 1, 1) in block (60, 1, 1)."
2025-10-19 17:41:40.924000+00:00,climacoupler-longruns,969,failed,GPU CMIP: ClimaAtmos + ClimaLand + ClimaOcean + PrescribedSeaIce,failed,975925978a0567e399fd7d3d270d340780490001,0.6099997222222222,,,,0.022222222222222223,16.0,0.0,cmip_edonly_land,186days,120secs,16.0,63.0,Float32,186.0,0.0,"a exception was thrown during kernel execution on thread (545, 1, 1) in block (88, 1, 1)."
2025-10-19 18:11:12.954000+00:00,climacoupler-longruns,969,failed,GPU CMIP: ClimaAtmos + Bucket + ClimaOcean + PrescribedSeaIce,failed,975925978a0567e399fd7d3d270d340780490001,0.4095316666666667,,,,0.022222222222222223,16.0,0.0,cmip_edonly_bucket,186days,120secs,16.0,63.0,Float32,186.0,0.0,"a exception was thrown during kernel execution on thread (545, 1, 1) in block (6, 1, 1)."
2025-10-26 05:11:03.968000+00:00,climacoupler-cpu-gpu-benchmarks,262,passed,CPU ClimaAtmos without diagnostic EDMF,passed,6aed8c301669dd2f7830a0e711e207746ddd479c,0.6827425,0.08202692519598469,,,0.4875,351.0,97.5,,,,,,,,0.975,
2025-10-26 05:52:03.847000+00:00,climacoupler-cpu-gpu-benchmarks,262,passed,CPU ClimaAtmos with diagnostic EDMF,passed,6aed8c301669dd2f7830a0e711e207746ddd479c,1.2562527777777779,0.036564295430111214,,,0.4875,351.0,97.5,,,,,,,,0.975,
2025-10-26 07:07:28.009000+00:00,climacoupler-cpu-gpu-benchmarks,262,passed,CPU AMIP with diagnostic EDMF,passed,6aed8c301669dd2f7830a0e711e207746ddd479c,1.3958669444444445,0.03574031086797442,9.192480044997222,,0.4875,351.0,97.5,amip_diagedmf,12hours,120secs,30.0,63.0,Float32,0.5,0.975,
2025-10-26 08:31:14.898000+00:00,climacoupler-cpu-gpu-benchmarks,262,passed,GPU ClimaAtmos without diagnostic EDMF,passed,6aed8c301669dd2f7830a0e711e207746ddd479c,0.16520416666666668,1.6152890163679474,,,0.4875,351.0,97.5,,,,,,,,0.975,
2025-10-26 08:31:14.913000+00:00,climacoupler-cpu-gpu-benchmarks,262,passed,GPU AMIP with diagnostic EDMF,passed,6aed8c301669dd2f7830a0e711e207746ddd479c,0.2704047222222222,0.5384874318561653,0.61012024,,0.4875,351.0,97.5,gpu_amip_diagedmf,12hours,120secs,30.0,63.0,Float32,0.5,0.975,
2025-10-26 08:31:14.932000+00:00,climacoupler-cpu-gpu-benchmarks,262,passed,CPU AMIP with diagnostic EDMF and io,passed,6aed8c301669dd2f7830a0e711e207746ddd479c,1.4463105555555555,0.03509581754150364,9.361289107094445,,0.4875,351.0,97.5,amip_diagedmf_io,12hours,120secs,30.0,63.0,Float32,0.5,0.975,
2025-10-26 08:31:15.017000+00:00,climacoupler-cpu-gpu-benchmarks,262,passed,GPU ClimaAtmos with diagnostic EDMF,passed,6aed8c301669dd2f7830a0e711e207746ddd479c,0.2103361111111111,0.6382990991533384,,,0.4875,351.0,97.5,,,,,,,,0.975,
2025-10-26 08:41:10.876000+00:00,climacoupler-cpu-gpu-benchmarks,262,passed,GPU AMIP with diagnostic EDMF and IO,passed,6aed8c301669dd2f7830a0e711e207746ddd479c,0.3014738888888889,0.5280581809550008,0.62217027,,0.4875,351.0,97.5,gpu_amip_diagedmf_io,12hours,120secs,30.0,63.0,Float32,0.5,0.975,
2025-10-26 08:51:03.874000+00:00,climacoupler-amip,193,passed,Current AMIP: diagedmf + 0M + bucket land,passed,469e7ca3cd63709c02e9db69aca8bc90fc2b8e4d,77.94807555555555,0.931346968867508,0.35276014,,1057.5833333333333,761462.0,96.3,amip,1098days,120secs,16.0,63.0,Float32,1098.0,0.963,
2025-10-26 09:07:04.902000+00:00,climacoupler-longruns,970,failed,GPU AMIP + ED only + 1M microphysics,failed,469e7ca3cd63709c02e9db69aca8bc90fc2b8e4d,0.4488625,,,,1.4166666666666665,1024.0,0.4,amip_edonly_1M_gpu,366days,120secs,16.0,63.0,Float32,366.0,0.004,"a exception was thrown during kernel execution on thread (609, 1, 1) in block (35, 1, 1)."
2025-10-26 09:07:04.906000+00:00,climacoupler-longruns,970,failed,GPU AMIP + diag. EDMF + integrated land,failed,469e7ca3cd63709c02e9db69aca8bc90fc2b8e4d,21.781461944444445,,,,145.0,105067.0,39.9,amip_diagedmf_integrated_land_gpu,366days,120secs,16.0,63.0,Float32,366.0,0.39899999999999997,"a exception was thrown during kernel execution on thread (545, 1, 1) in block (61, 1, 1)."
2025-10-26 09:07:04.933000+00:00,climacoupler-longruns,970,failed,GPU AMIP + ED only + integrated land,failed,469e7ca3cd63709c02e9db69aca8bc90fc2b8e4d,24.0656175,,,,218.0,157426.0,59.7,amip_edonly_integrated_land_gpu,366days,120secs,16.0,63.0,Float32,366.0,0.597,
2025-10-26 09:07:04.981000+00:00,climacoupler-longruns,970,failed,GPU AMIP + diag. EDMF,failed,469e7ca3cd63709c02e9db69aca8bc90fc2b8e4d,20.00065861111111,0.9993979348579229,0.32874003,,287.0416666666667,206679.0,95.7,amip_diagedmf_gpu,300days,120secs,16.0,63.0,Float32,300.0,0.9570000000000001,"Some tests did not pass: 2 passed, 1 failed, 0 errored, 0 broken."
2025-10-26 09:07:05.002000+00:00,climacoupler-longruns,970,failed,GPU AMIP + ED only,failed,469e7ca3cd63709c02e9db69aca8bc90fc2b8e4d,13.881358611111112,1.765273388980648,0.186114,,364.0833333333333,262144.0,99.5,amip_edonly_gpu,366days,120secs,16.0,63.0,Float32,366.0,0.995,"Some tests did not pass: 1 passed, 2 failed, 0 errored, 0 broken."
2025-10-26 09:07:05.021000+00:00,climacoupler-longruns,970,failed,GPU CMIP: ClimaAtmos + ClimaLand + ClimaOcean + PrescribedSeaIce,failed,469e7ca3cd63709c02e9db69aca8bc90fc2b8e4d,12.049042222222223,,,,91.02222222222223,65536.0,48.9,cmip_edonly_land,186days,120secs,16.0,63.0,Float32,186.0,0.489,
2025-10-26 09:07:06.210000+00:00,climacoupler-longruns,970,failed,"Slabplanet: evolving slab ocean, bucket",passed,469e7ca3cd63709c02e9db69aca8bc90fc2b8e4d,20.722750555555557,0.0320929595397591,20.47440305708361,,9.0,3496.0,97.1,slabplanet_evolve_ocean,10days,240secs,8.0,63.0,Float64,10.0,0.971,
2025-10-26 09:07:06.329000+00:00,climacoupler-longruns,970,failed,Aquaplanet: evolving slab ocean,passed,469e7ca3cd63709c02e9db69aca8bc90fc2b8e4d,20.67966,0.03215350461365578,20.435849740393056,,9.0,3496.0,97.1,slabplanet_aqua_evolve_ocean,10days,240secs,8.0,63.0,Float64,10.0,0.971,
2025-10-26 09:34:03.129000+00:00,climacoupler-longruns,970,failed,GPU CMIP: ClimaAtmos + Bucket + ClimaOcean + PrescribedSeaIce,failed,469e7ca3cd63709c02e9db69aca8bc90fc2b8e4d,6.013299722222222,,,,128.0,92324.0,68.9,cmip_edonly_bucket,186days,120secs,16.0,63.0,Float32,186.0,0.6890000000000001,"a exception was thrown during kernel execution on thread (609, 1, 1) in block (61, 1, 1)."
2025-11-02 05:11:06.915000+00:00,climacoupler-cpu-gpu-benchmarks,263,passed,CPU ClimaAtmos without diagnostic EDMF,passed,39c9c8e3c2c29c2aaa53f7c9e623efb0c03de725,0.677513888888889,0.0824431417772262,,,0.4875,351.0,97.5,,,,,,,,0.975,
2025-11-02 05:11:33.368000+00:00,climacoupler-cpu-gpu-benchmarks,263,passed,GPU ClimaAtmos with diagnostic EDMF,passed,39c9c8e3c2c29c2aaa53f7c9e623efb0c03de725,0.20927416666666665,0.74702583226626,,,0.4875,351.0,97.5,,,,,,,,0.975,
2025-11-02 05:11:33.392000+00:00,climacoupler-cpu-gpu-benchmarks,263,passed,GPU ClimaAtmos without diagnostic EDMF,passed,39c9c8e3c2c29c2aaa53f7c9e623efb0c03de725,0.17594111111111113,1.6142027366608638,,,0.4875,351.0,97.5,,,,,,,,0.975,
2025-11-02 05:51:47.875000+00:00,climacoupler-cpu-gpu-benchmarks,263,passed,CPU ClimaAtmos with diagnostic EDMF,passed,39c9c8e3c2c29c2aaa53f7c9e623efb0c03de725,1.2409730555555554,0.03697442479943637,,,0.4875,351.0,97.5,,,,,,,,0.975,
2025-11-02 05:52:00.463000+00:00,climacoupler-cpu-gpu-benchmarks,263,passed,GPU AMIP with diagnostic EDMF and IO,passed,39c9c8e3c2c29c2aaa53f7c9e623efb0c03de725,0.29771916666666665,0.6492111455254205,0.5060635,,0.4875,351.0,97.5,gpu_amip_diagedmf_io,12hours,120secs,30.0,63.0,Float32,0.5,0.975,
2025-11-02 05:52:00.528000+00:00,climacoupler-cpu-gpu-benchmarks,263,passed,GPU AMIP with diagnostic EDMF,passed,39c9c8e3c2c29c2aaa53f7c9e623efb0c03de725,0.2734972222222222,0.7106952782433288,0.46228266,,0.4875,351.0,97.5,gpu_amip_diagedmf,12hours,120secs,30.0,63.0,Float32,0.5,0.975,
2025-11-02 07:06:16.906000+00:00,climacoupler-cpu-gpu-benchmarks,263,passed,CPU AMIP with diagnostic EDMF,passed,39c9c8e3c2c29c2aaa53f7c9e623efb0c03de725,1.388868888888889,0.0359115321846242,9.14865154643889,,0.4875,351.0,97.5,amip_diagedmf,12hours,120secs,30.0,63.0,Float32,0.5,0.975,
2025-11-02 08:29:38.993000+00:00,climacoupler-cpu-gpu-benchmarks,263,passed,CPU AMIP with diagnostic EDMF and io,passed,39c9c8e3c2c29c2aaa53f7c9e623efb0c03de725,1.4322686111111111,0.03541332261201944,9.277358638591666,,0.4875,351.0,97.5,amip_diagedmf_io,12hours,120secs,30.0,63.0,Float32,0.5,0.975,
2025-11-02 08:40:04.888000+00:00,climacoupler-amip,199,passed,Current AMIP: diagedmf + 0M + bucket land,passed,39c9c8e3c2c29c2aaa53f7c9e623efb0c03de725,77.07592166666667,0.9421669896813181,0.348709,,1057.5833333333333,761462.0,96.3,amip,1098days,120secs,16.0,63.0,Float32,1098.0,0.963,
2025-11-02 08:56:04.416000+00:00,climacoupler-longruns,971,failed,GPU AMIP + diag. EDMF,passed,39c9c8e3c2c29c2aaa53f7c9e623efb0c03de725,20.001404166666664,1.0030837057654336,0.32753208,,287.0416666666667,206679.0,95.7,amip_diagedmf_gpu,300days,120secs,16.0,63.0,Float32,300.0,0.9570000000000001,
2025-11-02 08:56:04.450000+00:00,climacoupler-longruns,971,failed,GPU AMIP + ED only,passed,39c9c8e3c2c29c2aaa53f7c9e623efb0c03de725,13.910878333333333,1.7738221787970143,0.18521704,,364.0833333333333,262144.0,99.5,amip_edonly_gpu,366days,120secs,16.0,63.0,Float32,366.0,0.995,
2025-11-02 08:56:04.464000+00:00,climacoupler-longruns,971,failed,GPU AMIP + ED only + integrated land,failed,39c9c8e3c2c29c2aaa53f7c9e623efb0c03de725,24.065694444444443,,,,236.0,170603.0,64.7,amip_edonly_integrated_land_gpu,366days,120secs,16.0,63.0,Float32,366.0,0.647,
2025-11-02 08:56:04.478000+00:00,climacoupler-longruns,971,failed,GPU AMIP + ED only + 1M microphysics,failed,39c9c8e3c2c29c2aaa53f7c9e623efb0c03de725,0.3921325,,,,1.4166666666666665,1024.0,0.4,amip_edonly_1M_gpu,366days,120secs,16.0,63.0,Float32,366.0,0.004,"a exception was thrown during kernel execution on thread (609, 1, 1) in block (7, 1, 1)."
2025-11-02 08:56:04.610000+00:00,climacoupler-longruns,971,failed,GPU AMIP + diag. EDMF + integrated land,failed,39c9c8e3c2c29c2aaa53f7c9e623efb0c03de725,21.430698055555556,,,,145.0,105067.0,39.9,amip_diagedmf_integrated_land_gpu,366days,120secs,16.0,63.0,Float32,366.0,0.39899999999999997,"a exception was thrown during kernel execution on thread (577, 1, 1) in block (102, 1, 1)."
2025-11-02 08:56:06.230000+00:00,climacoupler-longruns,971,failed,"Slabplanet: evolving slab ocean, bucket",passed,39c9c8e3c2c29c2aaa53f7c9e623efb0c03de725,20.625807777777776,0.03224800189820714,20.37596595863,,9.0,3496.0,97.1,slabplanet_evolve_ocean,10days,240secs,8.0,63.0,Float64,10.0,0.971,
2025-11-02 08:56:06.251000+00:00,climacoupler-longruns,971,failed,Aquaplanet: evolving slab ocean,passed,39c9c8e3c2c29c2aaa53f7c9e623efb0c03de725,20.656435,0.032191637691371004,20.41164215413111,,9.0,3496.0,97.1,slabplanet_aqua_evolve_ocean,10days,240secs,8.0,63.0,Float64,10.0,0.971,
2025-11-02 09:19:37.860000+00:00,climacoupler-longruns,971,failed,GPU CMIP: ClimaAtmos + ClimaLand + ClimaOcean + PrescribedSeaIce,failed,39c9c8e3c2c29c2aaa53f7c9e623efb0c03de725,5.531623333333334,,,,41.0,29778.0,22.2,cmip_edonly_land,186days,120secs,16.0,63.0,Float32,186.0,0.222,"a exception was thrown during kernel execution on thread (385, 1, 1) in block (7, 1, 1)."
2025-11-02 11:35:02.096000+00:00,climacoupler-longruns,971,failed,GPU CMIP: ClimaAtmos + Bucket + ClimaOcean + PrescribedSeaIce,failed,39c9c8e3c2c29c2aaa53f7c9e623efb0c03de725,0.05485694444444445,,,,,,,cmip_edonly_bucket,186days,120secs,16.0,63.0,Float32,186.0,,NetCDF error: Opening path /groups/esm/ClimaArtifacts/artifacts/earth_orography_60arcseconds/ETOPO_2022_v1_60s_N90W180_surface.nc: No such file or directory (Ne
2025-11-09 05:12:04.061000+00:00,climacoupler-cpu-gpu-benchmarks,264,passed,CPU ClimaAtmos without diagnostic EDMF,passed,d8131b18f4f4727500bc274185ccdebb43fb7032,0.6706002777777778,0.08425291855802382,,,0.4875,351.0,97.5,,,,,,,,0.975,
2025-11-09 05:52:19.915000+00:00,climacoupler-cpu-gpu-benchmarks,264,passed,CPU ClimaAtmos with diagnostic EDMF,passed,d8131b18f4f4727500bc274185ccdebb43fb7032,1.246846111111111,0.036716871902142324,,,0.4875,351.0,97.5,,,,,,,,0.975,
2025-11-09 06:54:09.931000+00:00,climacoupler-cpu-gpu-benchmarks,264,passed,CPU AMIP with diagnostic EDMF,passed,d8131b18f4f4727500bc274185ccdebb43fb7032,2.0825169444444445,0.02120520779861012,15.49346262371389,,0.4875,351.0,97.5,amip_diagedmf,12hours,120secs,30.0,63.0,Float32,0.5,0.975,
2025-11-09 07:07:09.995000+00:00,climacoupler-cpu-gpu-benchmarks,264,passed,CPU AMIP with diagnostic EDMF and io,passed,d8131b18f4f4727500bc274185ccdebb43fb7032,1.5180305555555555,0.03303363996692471,9.94568248563611,,0.4875,351.0,97.5,amip_diagedmf_io,12hours,120secs,30.0,63.0,Float32,0.5,0.975,
2025-11-09 08:38:16.807000+00:00,climacoupler-cpu-gpu-benchmarks,264,passed,GPU ClimaAtmos without diagnostic EDMF,passed,d8131b18f4f4727500bc274185ccdebb43fb7032,0.19527305555555555,1.6458742143603273,,,0.4875,351.0,97.5,,,,,,,,0.975,
2025-11-09 08:38:16.874000+00:00,climacoupler-cpu-gpu-benchmarks,264,passed,GPU ClimaAtmos with diagnostic EDMF,passed,d8131b18f4f4727500bc274185ccdebb43fb7032,0.22019277777777777,0.7308890103737735,,,0.4875,351.0,97.5,,,,,,,,0.975,
2025-11-09 08:38:16.891000+00:00,climacoupler-cpu-gpu-benchmarks,264,passed,GPU AMIP with diagnostic EDMF,passed,d8131b18f4f4727500bc274185ccdebb43fb7032,0.27282,0.6418803085860323,0.51184326,,0.4875,351.0,97.5,gpu_amip_diagedmf,12hours,120secs,30.0,63.0,Float32,0.5,0.975,
2025-11-09 08:38:16.915000+00:00,climacoupler-cpu-gpu-benchmarks,264,passed,GPU AMIP with diagnostic EDMF and IO,passed,d8131b18f4f4727500bc274185ccdebb43fb7032,0.2922841666666667,0.6211255574432719,0.52894634,,0.4875,351.0,97.5,gpu_amip_diagedmf_io,12hours,120secs,30.0,63.0,Float32,0.5,0.975,
2025-11-09 09:00:07.344000+00:00,climacoupler-amip,213,passed,Current AMIP: diagedmf + 0M + bucket land,passed,d8131b18f4f4727500bc274185ccdebb43fb7032,75.76867861111111,0.9581902825086832,0.34287772,,1057.5833333333333,761462.0,96.3,amip,1098days,120secs,16.0,63.0,Float32,1098.0,0.963,
2025-11-09 09:05:04.863000+00:00,climacoupler-longruns,972,failed,GPU AMIP + diag. EDMF + integrated land,failed,d8131b18f4f4727500bc274185ccdebb43fb7032,24.049101944444445,,,,182.04166666666666,131072.0,49.7,amip_diagedmf_integrated_land_gpu,366days,120secs,16.0,63.0,Float32,366.0,0.49700000000000005,
2025-11-09 09:05:04.901000+00:00,climacoupler-longruns,972,failed,GPU AMIP + diag. EDMF,passed,d8131b18f4f4727500bc274185ccdebb43fb7032,19.36292027777778,1.035787460546243,0.31719065,,287.0416666666667,206679.0,95.7,amip_diagedmf_gpu,300days,120secs,16.0,63.0,Float32,300.0,0.9570000000000001,
2025-11-09 09:05:04.919000+00:00,climacoupler-longruns,972,failed,GPU CMIP: ClimaAtmos + ClimaLand + ClimaOcean + PrescribedSeaIce,failed,d8131b18f4f4727500bc274185ccdebb43fb7032,12.049098055555556,,,,100.0,72233.0,53.9,cmip_edonly_land,186days,120secs,16.0,63.0,Float32,186.0,0.539,
2025-11-09 09:05:04.985000+00:00,climacoupler-longruns,972,failed,GPU AMIP + ED only + 1M microphysics,failed,d8131b18f4f4727500bc274185ccdebb43fb7032,0.34443166666666664,,,,1.4166666666666665,1024.0,0.4,amip_edonly_1M_gpu,366days,120secs,16.0,63.0,Float32,366.0,0.004,"a exception was thrown during kernel execution on thread (481, 1, 1) in block (2, 1, 1)."
2025-11-09 09:05:04.992000+00:00,climacoupler-longruns,972,failed,GPU AMIP + ED only + integrated land,failed,d8131b18f4f4727500bc274185ccdebb43fb7032,24.065830555555557,,,,218.0,157426.0,59.7,amip_edonly_integrated_land_gpu,366days,120secs,16.0,63.0,Float32,366.0,0.597,
2025-11-09 09:05:04.992000+00:00,climacoupler-longruns,972,failed,GPU CMIP: ClimaAtmos + Bucket + ClimaOcean + PrescribedSeaIce,failed,d8131b18f4f4727500bc274185ccdebb43fb7032,5.8902013888888884,,,,128.0,92324.0,68.9,cmip_edonly_bucket,186days,120secs,16.0,63.0,Float32,186.0,0.6890000000000001,"a exception was thrown during kernel execution on thread (609, 1, 1) in block (7, 1, 1)."
2025-11-09 09:05:05.005000+00:00,climacoupler-longruns,972,failed,GPU AMIP + ED only,failed,d8131b18f4f4727500bc274185ccdebb43fb7032,12.995052777777778,1.8885025901206385,0.17396963,,364.0833333333333,262144.0,99.5,amip_edonly_gpu,366days,120secs,16.0,63.0,Float32,366.0,0.995,"Some tests did not pass: 2 passed, 1 failed, 0 errored, 0 broken."
2025-11-09 09:05:05.414000+00:00,climacoupler-longruns,972,failed,"Slabplanet: evolving slab ocean, bucket",passed,d8131b18f4f4727500bc274185ccdebb43fb7032,20.799303055555555,0.031975990453882386,20.549299007935,,9.0,3496.0,97.1,slabplanet_evolve_ocean,10days,240secs,8.0,63.0,Float64,10.0,0.971,
2025-11-09 09:05:05.503000+00:00,climacoupler-longruns,972,failed,Aquaplanet: evolving slab ocean,passed,d8131b18f4f4727500bc274185ccdebb43fb7032,20.791885833333335,0.031981953082467734,20.545467852365555,,9.0,3496.0,97.1,slabplanet_aqua_evolve_ocean,10days,240secs,8.0,63.0,Float64,10.0,0.971,
2025-11-16 05:11:03.945000+00:00,climacoupler-cpu-gpu-benchmarks,265,passed,CPU ClimaAtmos without diagnostic EDMF,passed,8b882bdcd515c55375d46df534f92e43c6561d2f,0.6792838888888889,0.08350491703957226,,,0.4875,351.0,97.5,,,,,,,,0.975,
2025-11-16 05:11:22.638000+00:00,climacoupler-cpu-gpu-benchmarks,265,passed,GPU ClimaAtmos with diagnostic EDMF,passed,8b882bdcd515c55375d46df534f92e43c6561d2f,0.21030666666666667,0.7697540982410924,,,0.4875,351.0,97.5,,,,,,,,0.975,
2025-11-16 05:11:22.657000+00:00,climacoupler-cpu-gpu-benchmarks,265,passed,GPU AMIP with diagnostic EDMF,passed,8b882bdcd515c55375d46df534f92e43c6561d2f,0.2593461111111111,0.7280777023459243,0.45124593,,0.4875,351.0,97.5,gpu_amip_diagedmf,12hours,120secs,30.0,63.0,Float32,0.5,0.975,
2025-11-16 05:11:22.664000+00:00,climacoupler-cpu-gpu-benchmarks,265,passed,GPU ClimaAtmos without diagnostic EDMF,passed,8b882bdcd515c55375d46df534f92e43c6561d2f,0.1637977777777778,1.648540249302802,,,0.4875,351.0,97.5,,,,,,,,0.975,
2025-11-16 05:51:50.806000+00:00,climacoupler-cpu-gpu-benchmarks,265,passed,CPU ClimaAtmos with diagnostic EDMF,passed,8b882bdcd515c55375d46df534f92e43c6561d2f,1.2423555555555554,0.03726027155259571,,,0.4875,351.0,97.5,,,,,,,,0.975,
2025-11-16 07:06:24.848000+00:00,climacoupler-cpu-gpu-benchmarks,265,passed,CPU AMIP with diagnostic EDMF,passed,8b882bdcd515c55375d46df534f92e43c6561d2f,1.3879441666666668,0.03619042763561387,9.078149000166666,,0.4875,351.0,97.5,amip_diagedmf,12hours,120secs,30.0,63.0,Float32,0.5,0.975,
2025-11-16 07:06:42.996000+00:00,climacoupler-cpu-gpu-benchmarks,265,passed,GPU AMIP with diagnostic EDMF and IO,passed,8b882bdcd515c55375d46df534f92e43c6561d2f,0.29343055555555553,0.625145362031487,0.5255451,,0.4875,351.0,97.5,gpu_amip_diagedmf_io,12hours,120secs,30.0,63.0,Float32,0.5,0.975,
2025-11-16 08:29:43.009000+00:00,climacoupler-cpu-gpu-benchmarks,265,passed,CPU AMIP with diagnostic EDMF and io,passed,8b882bdcd515c55375d46df534f92e43c6561d2f,1.4301241666666666,0.035715757998125174,9.198799433938888,,0.4875,351.0,97.5,amip_diagedmf_io,12hours,120secs,30.0,63.0,Float32,0.5,0.975,
2025-11-16 08:40:04.402000+00:00,climacoupler-amip,214,passed,Current AMIP: diagedmf + 0M + bucket land,passed,8b882bdcd515c55375d46df534f92e43c6561d2f,76.2262486111111,0.9531752323754702,0.34468174,,1057.5833333333333,761462.0,96.3,amip,1098days,120secs,16.0,63.0,Float32,1098.0,0.963,
2025-11-16 23:38:03.686000+00:00,climacoupler-longruns,973,failed,GPU AMIP + diag. EDMF + integrated land,canceled,8b882bdcd515c55375d46df534f92e43c6561d2f,17.519421666666666,,,,109.0,78713.0,29.9,amip_diagedmf_integrated_land_gpu,366days,120secs,16.0,63.0,Float32,366.0,0.299,
2025-11-16 23:38:03.708000+00:00,climacoupler-longruns,973,failed,GPU AMIP + diag. EDMF,passed,8b882bdcd515c55375d46df534f92e43c6561d2f,19.524029444444444,1.0285286274985934,0.31942922,,287.0416666666667,206679.0,95.7,amip_diagedmf_gpu,300days,120secs,16.0,63.0,Float32,300.0,0.9570000000000001,
2025-11-16 23:38:03.718000+00:00,climacoupler-longruns,973,failed,GPU AMIP + ED only + 1M microphysics,failed,8b882bdcd515c55375d46df534f92e43c6561d2f,0.3522430555555556,,,,1.4166666666666665,1024.0,0.4,amip_edonly_1M_gpu,366days,120secs,16.0,63.0,Float32,366.0,0.004,"a exception was thrown during kernel execution on thread (513, 1, 1) in block (60, 1, 1)."
2025-11-16 23:38:03.724000+00:00,climacoupler-longruns,973,failed,GPU AMIP + ED only + integrated land,canceled,8b882bdcd515c55375d46df534f92e43c6561d2f,17.518173055555557,,,,127.0,91890.0,34.9,amip_edonly_integrated_land_gpu,366days,120secs,16.0,63.0,Float32,366.0,0.349,
2025-11-16 23:38:03.796000+00:00,climacoupler-longruns,973,failed,GPU AMIP + ED only,failed,8b882bdcd515c55375d46df534f92e43c6561d2f,13.081771666666667,1.8767041352214875,0.17506334,,364.0833333333333,262144.0,99.5,amip_edonly_gpu,366days,120secs,16.0,63.0,Float32,366.0,0.995,"Some tests did not pass: 2 passed, 1 failed, 0 errored, 0 broken."
2025-11-16 23:38:05.247000+00:00,climacoupler-longruns,973,failed,Aquaplanet: evolving slab ocean,passed,8b882bdcd515c55375d46df534f92e43c6561d2f,20.769689166666666,0.03202252670130254,20.519436053276113,,9.0,3496.0,97.1,slabplanet_aqua_evolve_ocean,10days,240secs,8.0,63.0,Float64,10.0,0.971,
2025-11-16 23:38:05.274000+00:00,climacoupler-longruns,973,failed,"Slabplanet: evolving slab ocean, bucket",passed,8b882bdcd515c55375d46df534f92e43c6561d2f,20.689771944444445,0.032153189727784415,20.436049874824725,,9.0,3496.0,97.1,slabplanet_evolve_ocean,10days,240secs,8.0,63.0,Float64,10.0,0.971,
2025-11-16 23:59:13.895000+00:00,climacoupler-longruns,973,failed,GPU CMIP: ClimaAtmos + ClimaLand + ClimaOcean + PrescribedSeaIce,failed,8b882bdcd515c55375d46df534f92e43c6561d2f,12.063191111111111,,,,73.0,52859.0,39.5,cmip_edonly_land,186days,120secs,16.0,63.0,Float32,186.0,0.395,
2025-11-17 04:11:24.937000+00:00,climacoupler-longruns,973,failed,GPU CMIP: ClimaAtmos + Bucket + ClimaOcean + PrescribedSeaIce,failed,8b882bdcd515c55375d46df534f92e43c6561d2f,5.719771388888889,,,,128.0,92324.0,68.9,cmip_edonly_bucket,186days,120secs,16.0,63.0,Float32,186.0,0.6890000000000001,"a exception was thrown during kernel execution on thread (545, 1, 1) in block (6, 1, 1)."
2025-11-23 05:12:06.895000+00:00,climacoupler-cpu-gpu-benchmarks,267,passed,GPU ClimaAtmos with diagnostic EDMF,passed,97eeb0bb0ec31b1ec41f9c09c79bda5a98a39e95,0.2054963888888889,0.7668857855177862,,,0.4875,351.0,97.5,,,,,,,,0.975,
2025-11-23 05:12:06.929000+00:00,climacoupler-cpu-gpu-benchmarks,267,passed,GPU AMIP with diagnostic EDMF,passed,97eeb0bb0ec31b1ec41f9c09c79bda5a98a39e95,0.25213944444444447,0.7216446546614587,0.45526853,,0.4875,351.0,97.5,gpu_amip_diagedmf,12hours,120secs,30.0,63.0,Float32,0.5,0.975,
2025-11-23 05:12:06.946000+00:00,climacoupler-cpu-gpu-benchmarks,267,passed,GPU ClimaAtmos without diagnostic EDMF,passed,97eeb0bb0ec31b1ec41f9c09c79bda5a98a39e95,0.15787222222222222,1.6476647866761498,,,0.4875,351.0,97.5,,,,,,,,0.975,
2025-11-23 05:21:36.967000+00:00,climacoupler-cpu-gpu-benchmarks,267,passed,GPU AMIP with diagnostic EDMF and IO,passed,97eeb0bb0ec31b1ec41f9c09c79bda5a98a39e95,0.27495888888888886,0.6971379697563281,0.4712727,,0.4875,351.0,97.5,gpu_amip_diagedmf_io,12hours,120secs,30.0,63.0,Float32,0.5,0.975,
2025-11-23 08:12:04.896000+00:00,climacoupler-amip,215,failed,Current AMIP: diagedmf + 0M + bucket land,passed,97eeb0bb0ec31b1ec41f9c09c79bda5a98a39e95,76.64552333333334,0.9482883516483389,0.34645802,,1057.5833333333333,761462.0,96.3,amip,1098days,120secs,16.0,63.0,Float32,1098.0,0.963,
2025-11-24 19:32:05.441000+00:00,climacoupler-longruns,976,failed,GPU AMIP + diag. EDMF,passed,413947b2961d5f2bc63e1cbb54192e01548c0417,19.6113675,1.0233239336999045,0.32105386,,287.0416666666667,206679.0,95.7,amip_diagedmf_gpu,300days,120secs,16.0,63.0,Float32,300.0,0.9570000000000001,
2025-11-24 19:32:05.452000+00:00,climacoupler-longruns,976,failed,GPU AMIP + ED only,canceled,413947b2961d5f2bc63e1cbb54192e01548c0417,0.15987944444444446,,,,,,,amip_edonly_gpu,366days,120secs,16.0,63.0,Float32,366.0,,
2025-11-24 19:32:05.489000+00:00,climacoupler-longruns,976,failed,GPU AMIP + ED only + 1M microphysics,canceled,413947b2961d5f2bc63e1cbb54192e01548c0417,0.17278944444444444,,,,,,,amip_edonly_1M_gpu,366days,120secs,16.0,63.0,Float32,366.0,,
2025-11-24 19:32:05.526000+00:00,climacoupler-longruns,976,failed,GPU AMIP + ED only + integrated land,canceled,413947b2961d5f2bc63e1cbb54192e01548c0417,0.17669277777777778,,,,,,,amip_edonly_integrated_land_gpu,366days,120secs,16.0,63.0,Float32,366.0,,
2025-11-24 19:32:09.254000+00:00,climacoupler-longruns,976,failed,"Slabplanet: evolving slab ocean, bucket",passed,413947b2961d5f2bc63e1cbb54192e01548c0417,21.129365555555555,0.031486389459626,20.868832539668055,,9.0,3496.0,97.1,slabplanet_evolve_ocean,10days,240secs,8.0,63.0,Float64,10.0,0.971,
2025-11-24 19:32:09.266000+00:00,climacoupler-longruns,976,failed,Aquaplanet: evolving slab ocean,passed,413947b2961d5f2bc63e1cbb54192e01548c0417,21.255560000000003,0.031307616569963524,20.987997838906388,,9.0,3496.0,97.1,slabplanet_aqua_evolve_ocean,10days,240secs,8.0,63.0,Float64,10.0,0.971,
2025-11-24 19:35:28.857000+00:00,climacoupler-longruns,976,failed,GPU AMIP + diag. EDMF + integrated land,canceled,413947b2961d5f2bc63e1cbb54192e01548c0417,0.12218722222222222,,,,,,,amip_diagedmf_integrated_land_gpu,366days,120secs,16.0,63.0,Float32,366.0,,
2025-11-24 19:35:28.902000+00:00,climacoupler-longruns,976,failed,GPU CMIP: ClimaAtmos + ClimaLand + ClimaOcean + PrescribedSeaIce,failed,413947b2961d5f2bc63e1cbb54192e01548c0417,0.02349388888888889,,,,,,,,,,,,,,,AssertionError: Coupler dt must be divisible by all component dt's
2025-11-24 19:36:54.808000+00:00,climacoupler-longruns,976,failed,GPU CMIP: ClimaAtmos + Bucket + ClimaOcean + PrescribedSeaIce,failed,413947b2961d5f2bc63e1cbb54192e01548c0417,0.02350611111111111,,,,,,,,,,,,,,,AssertionError: Coupler dt must be divisible by all component dt's
2025-11-30 05:12:04.931000+00:00,climacoupler-cpu-gpu-benchmarks,269,passed,GPU AMIP with prognostic EDMF + 1M + integrated land (30 helems),passed,a3dc89e6d884d7e7a0978d8baa5b7d2615f01a6d,0.49887666666666663,0.06316484732504793,1.300336,,0.014236111111111113,41.0,102.5,gpu_amip_progedmf_1M_land_he30,1200secs,30secs,30.0,63.0,Float32,0.013888888888888888,1.025,
2025-11-30 05:12:05.052000+00:00,climacoupler-cpu-gpu-benchmarks,269,passed,GPU AMIP with prognostic EDMF + 1M + integrated land (16 helems),passed,a3dc89e6d884d7e7a0978d8baa5b7d2615f01a6d,0.4888725,0.17659411585396764,0.46510905,,0.014236111111111113,41.0,102.5,gpu_amip_progedmf_1M_land_he16,1200secs,30secs,16.0,63.0,Float32,0.013888888888888888,1.025,
2025-11-30 05:12:05.156000+00:00,climacoupler-cpu-gpu-benchmarks,269,passed,GPU ClimaAtmos without diagnostic EDMF,passed,a3dc89e6d884d7e7a0978d8baa5b7d2615f01a6d,0.16005194444444446,1.7159125382594071,,,0.4875,351.0,97.5,,,,,,,,0.975,
2025-11-30 05:21:42.988000+00:00,climacoupler-cpu-gpu-benchmarks,269,passed,GPU ClimaAtmos with diagnostic EDMF,passed,a3dc89e6d884d7e7a0978d8baa5b7d2615f01a6d,0.2127777777777778,0.8086748903889994,,,0.4875,351.0,97.5,,,,,,,,0.975,
2025-11-30 05:34:30.909000+00:00,climacoupler-cpu-gpu-benchmarks,269,passed,GPU AMIP with diagnostic EDMF,passed,a3dc89e6d884d7e7a0978d8baa5b7d2615f01a6d,0.2759622222222222,0.7523897768783625,0.43666476,,0.4875,351.0,97.5,gpu_amip_diagedmf,12hours,120secs,30.0,63.0,Float32,0.5,0.975,
2025-11-30 05:42:02.884000+00:00,climacoupler-cpu-gpu-benchmarks,269,passed,GPU AMIP with diagnostic EDMF and IO,passed,a3dc89e6d884d7e7a0978d8baa5b7d2615f01a6d,0.2913147222222222,0.7339121311269307,0.44765863,,0.4875,351.0,97.5,gpu_amip_diagedmf_io,12hours,120secs,30.0,63.0,Float32,0.5,0.975,
2025-11-30 08:12:04.797000+00:00,climacoupler-amip,216,failed,Current AMIP: diagedmf + 0M + bucket land,passed,a3dc89e6d884d7e7a0978d8baa5b7d2615f01a6d,72.64703388888888,1.0002411263659294,0.3284629,,1057.5833333333333,761462.0,96.3,amip,1098days,120secs,16.0,63.0,Float32,1098.0,0.963,
2025-11-30 08:28:04.925000+00:00,climacoupler-longruns,977,failed,GPU AMIP + ED only + integrated land,passed,a3dc89e6d884d7e7a0978d8baa5b7d2615f01a6d,13.724688055555555,1.8182362175336524,0.18069275,,364.0833333333333,262144.0,99.5,amip_edonly_integrated_land_gpu,366days,120secs,16.0,63.0,Float32,366.0,0.995,
2025-11-30 08:28:04.943000+00:00,climacoupler-longruns,977,failed,GPU AMIP + ED only + 1M microphysics,failed,a3dc89e6d884d7e7a0978d8baa5b7d2615f01a6d,0.4174377777777778,,,,2.833333333333333,2048.0,0.8,amip_edonly_1M_gpu,366days,120secs,16.0,63.0,Float32,366.0,0.008,Found NaN
2025-11-30 08:28:05.084000+00:00,climacoupler-longruns,977,failed,GPU AMIP + ED only,passed,a3dc89e6d884d7e7a0978d8baa5b7d2615f01a6d,12.368535000000001,2.004089198358411,0.16393587,,364.0833333333333,262144.0,99.5,amip_edonly_gpu,366days,120secs,16.0,63.0,Float32,366.0,0.995,
2025-11-30 08:28:06.151000+00:00,climacoupler-longruns,977,failed,Aquaplanet: evolving slab ocean,passed,a3dc89e6d884d7e7a0978d8baa5b7d2615f01a6d,20.686039722222223,0.03214724435763308,20.439829355255,,9.0,3496.0,97.1,slabplanet_aqua_evolve_ocean,10days,240secs,8.0,63.0,Float64,10.0,0.971,
2025-11-30 08:28:06.195000+00:00,climacoupler-longruns,977,failed,"Slabplanet: evolving slab ocean, bucket",passed,a3dc89e6d884d7e7a0978d8baa5b7d2615f01a6d,20.7297475,0.03208533500889396,20.479268448640553,,9.0,3496.0,97.1,slabplanet_evolve_ocean,10days,240secs,8.0,63.0,Float64,10.0,0.971,
2025-11-30 08:53:08.848000+00:00,climacoupler-longruns,977,failed,GPU AMIP + diag. EDMF,passed,a3dc89e6d884d7e7a0978d8baa5b7d2615f01a6d,18.7930725,1.0697361449446356,0.30712444,,287.0416666666667,206679.0,95.7,amip_diagedmf_gpu,300days,120secs,16.0,63.0,Float32,300.0,0.9570000000000001,
2025-11-30 10:18:44.877000+00:00,climacoupler-longruns,977,failed,GPU AMIP + diag. EDMF + integrated land,passed,a3dc89e6d884d7e7a0978d8baa5b7d2615f01a6d,23.918888333333335,1.0264785696584988,0.32006717,,364.0833333333333,262144.0,99.5,amip_diagedmf_integrated_land_gpu,366days,120secs,16.0,63.0,Float32,366.0,0.995,
2025-11-30 10:49:26.809000+00:00,climacoupler-longruns,977,failed,GPU CMIP: ClimaAtmos + ClimaLand + ClimaOcean + PrescribedSeaIce,failed,a3dc89e6d884d7e7a0978d8baa5b7d2615f01a6d,0.02429444444444444,,,,,,,,,,,,,,,AssertionError: Coupler dt must be divisible by all component dt's
2025-11-30 10:50:55.722000+00:00,climacoupler-longruns,977,failed,GPU CMIP: ClimaAtmos + Bucket + ClimaOcean + PrescribedSeaIce,failed,a3dc89e6d884d7e7a0978d8baa5b7d2615f01a6d,0.02397388888888889,,,,,,,,,,,,,,,AssertionError: Coupler dt must be divisible by all component dt's
2025-12-04 01:37:12.869000+00:00,climacoupler-cpu-gpu-benchmarks,275,passed,GPU AMIP with prognostic EDMF + 1M + integrated land (16 helems),passed,c5d5a32209ba0ef9f1cb9e99b56eaea1df710c9b,0.47176583333333333,0.18023301774079176,0.45571852,,0.013194444444444444,38.0,95.0,gpu_amip_progedmf_1M_land_he16,1200secs,30secs,16.0,63.0,Float32,0.013888888888888888,0.95,
2025-12-04 01:41:21.935000+00:00,climacoupler-cpu-gpu-benchmarks,275,passed,GPU AMIP with prognostic EDMF + 1M + integrated land (30 helems),passed,c5d5a32209ba0ef9f1cb9e99b56eaea1df710c9b,0.4711369444444445,0.06466822220869954,1.2701064,,0.013194444444444444,38.0,95.0,gpu_amip_progedmf_1M_land_he30,1200secs,30secs,30.0,63.0,Float32,0.013888888888888888,0.95,
2025-12-04 01:45:04.946000+00:00,climacoupler-cpu-gpu-benchmarks,275,passed,GPU ClimaAtmos without diagnostic EDMF,passed,c5d5a32209ba0ef9f1cb9e99b56eaea1df710c9b,0.15943083333333333,1.718958484533064,,,0.4875,351.0,97.5,,,,,,,,0.975,
2025-12-04 01:54:40.888000+00:00,climacoupler-cpu-gpu-benchmarks,275,passed,GPU ClimaAtmos with diagnostic EDMF,passed,c5d5a32209ba0ef9f1cb9e99b56eaea1df710c9b,0.20866805555555556,0.8115453311379642,,,0.4875,351.0,97.5,,,,,,,,0.975,
2025-12-04 02:00:49.964000+00:00,climacoupler-cpu-gpu-benchmarks,275,passed,GPU AMIP with diagnostic EDMF,passed,c5d5a32209ba0ef9f1cb9e99b56eaea1df710c9b,0.39970083333333334,0.7350116290745647,0.44698897,,0.4875,351.0,97.5,gpu_amip_diagedmf,12hours,120secs,30.0,63.0,Float32,0.5,0.975,
2025-12-04 02:07:13.794000+00:00,climacoupler-cpu-gpu-benchmarks,275,passed,GPU AMIP with diagnostic EDMF and IO,passed,c5d5a32209ba0ef9f1cb9e99b56eaea1df710c9b,0.41413333333333335,0.7142432412710529,0.45998627,,0.4875,351.0,97.5,gpu_amip_diagedmf_io,12hours,120secs,30.0,63.0,Float32,0.5,0.975,
2025-12-07 05:11:04.927000+00:00,climacoupler-cpu-gpu-benchmarks,288,passed,GPU AMIP with prognostic EDMF + 1M + integrated land (16 helems),passed,a3c91e9289168c4cbd088dca860007b4095dc05d,0.666171111111111,0.07597154437702953,1.0811354,,0.01388888888888889,40.0,100.0,gpu_amip_progedmf_1M_land_he16,1200secs,30secs,16.0,63.0,Float32,0.013888888888888888,1.0,
2025-12-07 05:11:04.935000+00:00,climacoupler-cpu-gpu-benchmarks,288,passed,GPU ClimaAtmos with diagnostic EDMF,passed,a3c91e9289168c4cbd088dca860007b4095dc05d,0.20491694444444444,0.8079414723438152,,,0.4875,351.0,97.5,,,,,,,,0.975,
2025-12-07 05:11:04.949000+00:00,climacoupler-cpu-gpu-benchmarks,288,passed,GPU ClimaAtmos without diagnostic EDMF,passed,a3c91e9289168c4cbd088dca860007b4095dc05d,0.1580561111111111,1.7177972030649356,,,0.4875,351.0,97.5,,,,,,,,0.975,
2025-12-07 05:11:05.032000+00:00,climacoupler-cpu-gpu-benchmarks,288,passed,GPU AMIP with prognostic EDMF + 1M + integrated land (30 helems),passed,a3c91e9289168c4cbd088dca860007b4095dc05d,0.7116422222222222,0.023821671711088503,3.4479327,,0.01388888888888889,40.0,100.0,gpu_amip_progedmf_1M_land_he30,1200secs,30secs,30.0,63.0,Float32,0.013888888888888888,1.0,
2025-12-07 05:20:36.007000+00:00,climacoupler-cpu-gpu-benchmarks,288,passed,GPU AMIP with diagnostic EDMF,passed,a3c91e9289168c4cbd088dca860007b4095dc05d,0.3961222222222222,0.7337920046937076,0.4477319,,0.5,360.0,100.0,gpu_amip_diagedmf,12hours,120secs,30.0,63.0,Float32,0.5,1.0,
2025-12-07 05:23:23.791000+00:00,climacoupler-cpu-gpu-benchmarks,288,passed,GPU AMIP with diagnostic EDMF and IO,passed,a3c91e9289168c4cbd088dca860007b4095dc05d,0.4125833333333333,0.7116926095736629,0.4616348,,0.5,360.0,100.0,gpu_amip_diagedmf_io,12hours,120secs,30.0,63.0,Float32,0.5,1.0,
2025-12-07 08:12:05.069000+00:00,climacoupler-amip,217,passed,Current AMIP: diagedmf + 0M + bucket land,passed,a3c91e9289168c4cbd088dca860007b4095dc05d,75.85086249999999,0.9591662463691645,0.34252882,,1098.0,790560.0,100.0,amip,1098days,120secs,16.0,63.0,Float32,1098.0,1.0,
2025-12-07 08:28:04.875000+00:00,climacoupler-longruns,985,failed,GPU CMIP: ClimaAtmos + ClimaLand + ClimaOcean + PrescribedSeaIce,failed,a3c91e9289168c4cbd088dca860007b4095dc05d,0.7750847222222221,,,,2.833333333333333,2048.0,1.5,cmip_edonly_land,186days,,16.0,63.0,Float32,186.0,0.015,Found NaN
2025-12-07 08:28:04.950000+00:00,climacoupler-longruns,985,failed,GPU AMIP + ED only,passed,a3c91e9289168c4cbd088dca860007b4095dc05d,12.423433333333334,1.9987138344831994,0.16437675,,366.0,263520.0,100.0,amip_edonly_gpu,366days,120secs,16.0,63.0,Float32,366.0,1.0,
2025-12-07 08:28:04.961000+00:00,climacoupler-longruns,985,failed,GPU AMIP + ED only + integrated land,passed,a3c91e9289168c4cbd088dca860007b4095dc05d,13.822146944444444,1.8076102337432467,0.18175495,,366.0,263520.0,100.0,amip_edonly_integrated_land_gpu,366days,120secs,16.0,63.0,Float32,366.0,1.0,
2025-12-07 08:28:04.962000+00:00,climacoupler-longruns,985,failed,GPU AMIP + ED only + 1M microphysics,failed,a3c91e9289168c4cbd088dca860007b4095dc05d,0.4275536111111111,,,,1.4166666666666665,1024.0,0.4,amip_edonly_1M_gpu,366days,120secs,16.0,63.0,Float32,366.0,0.004,Found NaN
2025-12-07 08:28:04.965000+00:00,climacoupler-longruns,985,failed,GPU CMIP: ClimaAtmos + Bucket + ClimaOcean + PrescribedSeaIce,failed,a3c91e9289168c4cbd088dca860007b4095dc05d,0.5744013888888888,,,,1.4166666666666665,1024.0,0.8,cmip_edonly_bucket,186days,,16.0,63.0,Float32,186.0,0.008,Found NaN
2025-12-07 08:28:04.983000+00:00,climacoupler-longruns,985,failed,GPU AMIP + diag. EDMF,passed,a3c91e9289168c4cbd088dca860007b4095dc05d,18.763221388888887,1.0718913198543172,0.3065069,,300.0,216000.0,100.0,amip_diagedmf_gpu,300days,120secs,16.0,63.0,Float32,300.0,1.0,
2025-12-07 08:28:05.028000+00:00,climacoupler-longruns,985,failed,GPU AMIP + diag. EDMF + integrated land,failed,a3c91e9289168c4cbd088dca860007b4095dc05d,24.049098333333333,1.0224288364548597,0.32133493,,366.0,263520.0,100.0,amip_diagedmf_integrated_land_gpu,366days,120secs,16.0,63.0,Float32,366.0,1.0,
2025-12-07 08:28:07.135000+00:00,climacoupler-longruns,985,failed,Aquaplanet: evolving slab ocean,passed,a3c91e9289168c4cbd088dca860007b4095dc05d,20.86450333333333,0.031867393421040745,20.61932647675722,,10.0,3600.0,100.0,slabplanet_aqua_evolve_ocean,10days,240secs,8.0,63.0,Float64,10.0,1.0,
2025-12-07 08:28:07.215000+00:00,climacoupler-longruns,985,failed,"Slabplanet: evolving slab ocean, bucket",passed,a3c91e9289168c4cbd088dca860007b4095dc05d,20.826547222222224,0.03193475428825977,20.57583355677389,,10.0,3600.0,100.0,slabplanet_evolve_ocean,10days,240secs,8.0,63.0,Float64,10.0,1.0,
2025-12-14 05:13:04.141000+00:00,climacoupler-cpu-gpu-benchmarks,290,passed,GPU AMIP with prognostic EDMF + 1M + integrated land (16 helems),passed,52131051ce69f3ce273ea1223fd3cd6ffab471e6,0.7379019444444445,0.07844021377279496,1.0471098,,0.01388888888888889,40.0,100.0,gpu_amip_progedmf_1M_land_he16,1200secs,30secs,16.0,63.0,Float32,0.013888888888888888,1.0,
2025-12-14 05:13:04.146000+00:00,climacoupler-cpu-gpu-benchmarks,290,passed,GPU AMIP with diagnostic EDMF,passed,52131051ce69f3ce273ea1223fd3cd6ffab471e6,0.4254472222222222,0.7303962459135797,0.44981351,,0.5,360.0,100.0,gpu_amip_diagedmf,12hours,120secs,30.0,63.0,Float32,0.5,1.0,
2025-12-14 05:13:04.183000+00:00,climacoupler-cpu-gpu-benchmarks,290,passed,GPU AMIP with prognostic EDMF + 1M + integrated land (30 helems),passed,52131051ce69f3ce273ea1223fd3cd6ffab471e6,0.7396272222222222,0.0227752842897077,3.6063447,,0.01388888888888889,40.0,100.0,gpu_amip_progedmf_1M_land_he30,1200secs,30secs,30.0,63.0,Float32,0.013888888888888888,1.0,
2025-12-14 05:13:04.254000+00:00,climacoupler-cpu-gpu-benchmarks,290,passed,GPU ClimaAtmos without diagnostic EDMF,passed,52131051ce69f3ce273ea1223fd3cd6ffab471e6,0.16285805555555555,1.715542513797798,,,0.4875,351.0,97.5,,,,,,,,0.975,
2025-12-14 05:13:04.308000+00:00,climacoupler-cpu-gpu-benchmarks,290,passed,GPU ClimaAtmos with diagnostic EDMF,passed,52131051ce69f3ce273ea1223fd3cd6ffab471e6,0.2123063888888889,0.8088369659449938,,,0.4875,351.0,97.5,,,,,,,,0.975,
2025-12-14 05:22:51.831000+00:00,climacoupler-cpu-gpu-benchmarks,290,passed,GPU AMIP with diagnostic EDMF and IO,passed,52131051ce69f3ce273ea1223fd3cd6ffab471e6,0.4390602777777778,0.710302374136027,0.46253836,,0.5,360.0,100.0,gpu_amip_diagedmf_io,12hours,120secs,30.0,63.0,Float32,0.5,1.0,
2025-12-14 08:13:05.063000+00:00,climacoupler-amip,224,canceled,Current AMIP: diagedmf + 0M + integrated land,canceled,52131051ce69f3ce273ea1223fd3cd6ffab471e6,45.217353055555556,,,,658.7916666666666,474336.0,60.0,amip,1098days,120secs,16.0,63.0,Float32,1098.0,0.6,
2025-12-14 08:30:04.017000+00:00,climacoupler-longruns,993,failed,GPU AMIP + ED only + integrated land,passed,52131051ce69f3ce273ea1223fd3cd6ffab471e6,13.805959999999999,1.8073440271565033,0.18178171,,366.0,263520.0,100.0,amip_edonly_integrated_land_gpu,366days,120secs,16.0,63.0,Float32,366.0,1.0,
2025-12-14 08:30:04.025000+00:00,climacoupler-longruns,993,failed,GPU AMIP + ED only,failed,52131051ce69f3ce273ea1223fd3cd6ffab471e6,12.286179444444445,2.0076094548945465,0.16364841,,366.0,263520.0,100.0,amip_edonly_gpu,366days,120secs,16.0,63.0,Float32,366.0,1.0,"Some tests did not pass: 2 passed, 1 failed, 0 errored, 0 broken."
2025-12-14 08:30:04.030000+00:00,climacoupler-longruns,993,failed,GPU AMIP + ED only + 1M microphysics,failed,52131051ce69f3ce273ea1223fd3cd6ffab471e6,0.4338302777777778,,,,1.4166666666666665,1024.0,0.4,amip_edonly_1M_gpu,366days,120secs,16.0,63.0,Float32,366.0,0.004,Found NaN
2025-12-14 08:30:04.033000+00:00,climacoupler-longruns,993,failed,GPU CMIP: ClimaAtmos + Bucket + ClimaOcean + PrescribedSeaIce,failed,52131051ce69f3ce273ea1223fd3cd6ffab471e6,0.6789325,,,,2.833333333333333,2048.0,1.5,cmip_edonly_bucket,186days,,16.0,63.0,Float32,186.0,0.015,Found NaN
2025-12-14 08:30:04.085000+00:00,climacoupler-longruns,993,failed,GPU AMIP + diag. EDMF,passed,52131051ce69f3ce273ea1223fd3cd6ffab471e6,18.683678333333333,1.0758607154647553,0.30537605,,300.0,216000.0,100.0,amip_diagedmf_gpu,300days,120secs,16.0,63.0,Float32,300.0,1.0,
2025-12-14 08:30:04.106000+00:00,climacoupler-longruns,993,failed,GPU CMIP: ClimaAtmos + ClimaLand + ClimaOcean + PrescribedSeaIce,failed,52131051ce69f3ce273ea1223fd3cd6ffab471e6,1.06798,,,,9.0,6696.0,5.0,cmip_edonly_land,186days,,16.0,63.0,Float32,186.0,0.05,Found NaN
2025-12-14 08:30:04.216000+00:00,climacoupler-longruns,993,failed,GPU AMIP + diag. EDMF + integrated land,passed,52131051ce69f3ce273ea1223fd3cd6ffab471e6,24.178060833333333,1.018940180360772,0.3224351,,366.0,263520.0,100.0,amip_diagedmf_integrated_land_gpu,366days,120secs,16.0,63.0,Float32,366.0,1.0,
2025-12-14 08:30:06.251000+00:00,climacoupler-longruns,993,failed,"Slabplanet: evolving slab ocean, bucket",passed,52131051ce69f3ce273ea1223fd3cd6ffab471e6,20.75363861111111,0.03204587608610502,20.504485105857775,,10.0,3600.0,100.0,slabplanet_evolve_ocean,10days,240secs,8.0,63.0,Float64,10.0,1.0,
2025-12-14 08:30:06.257000+00:00,climacoupler-longruns,993,failed,Aquaplanet: evolving slab ocean,passed,52131051ce69f3ce273ea1223fd3cd6ffab471e6,20.606606944444444,0.032271923888835236,20.360862004233613,,10.0,3600.0,100.0,slabplanet_aqua_evolve_ocean,10days,240secs,8.0,63.0,Float64,10.0,1.0,
2025-12-21 05:12:06.985000+00:00,climacoupler-cpu-gpu-benchmarks,291,failed,GPU AMIP with prognostic EDMF + 1M + integrated land (16 helems),failed,85214b9e15ee48f265b281562877975206cef286,0.0016794444444444446,,,,,,,,,,,,,,,ArgumentError: Package MPI not found in current path.
2025-12-21 05:12:07.018000+00:00,climacoupler-cpu-gpu-benchmarks,291,failed,GPU ClimaAtmos without diagnostic EDMF,failed,85214b9e15ee48f265b281562877975206cef286,0.00911861111111111,,,,,,,,,,,,,,,ArgumentError: Package MPI not found in current path.
2025-12-21 05:12:07.026000+00:00,climacoupler-cpu-gpu-benchmarks,291,failed,GPU AMIP with prognostic EDMF + 1M + integrated land (30 helems),failed,85214b9e15ee48f265b281562877975206cef286,0.00166,,,,,,,,,,,,,,,ArgumentError: Package MPI not found in current path.
2025-12-21 05:12:14.881000+00:00,climacoupler-cpu-gpu-benchmarks,291,failed,GPU ClimaAtmos with diagnostic EDMF,failed,85214b9e15ee48f265b281562877975206cef286,0.0008408333333333334,,,,,,,,,,,,,,,ArgumentError: Package MPI not found in current path.
2025-12-21 05:12:19.846000+00:00,climacoupler-cpu-gpu-benchmarks,291,failed,GPU AMIP with diagnostic EDMF,failed,85214b9e15ee48f265b281562877975206cef286,0.010011666666666667,,,,,,,,,,,,,,,ArgumentError: Package MPI not found in current path.
2025-12-21 05:12:41.785000+00:00,climacoupler-cpu-gpu-benchmarks,291,failed,GPU AMIP with diagnostic EDMF and IO,failed,85214b9e15ee48f265b281562877975206cef286,0.0017422222222222223,,,,,,,,,,,,,,,ArgumentError: Package MPI not found in current path.
2025-12-21 08:12:04.006000+00:00,climacoupler-amip,227,passed,Current AMIP: diagedmf + 0M + integrated land,passed,85214b9e15ee48f265b281562877975206cef286,75.58338833333333,0.9625028571540428,0.34134144,,1098.0,790560.0,100.0,amip,1098days,120secs,16.0,63.0,Float32,1098.0,1.0,
2025-12-21 08:28:04.935000+00:00,climacoupler-longruns,1006,failed,GPU AMIP + ED only,passed,85214b9e15ee48f265b281562877975206cef286,12.074211666666665,2.05506149371836,0.15986972,,366.0,263520.0,100.0,amip_edonly_gpu,366days,120secs,16.0,63.0,Float32,366.0,1.0,
2025-12-21 08:28:04.942000+00:00,climacoupler-longruns,1006,failed,GPU AMIP + diag. EDMF,passed,85214b9e15ee48f265b281562877975206cef286,18.402715277777776,1.092452318957845,0.30073816,,300.0,216000.0,100.0,amip_diagedmf_gpu,300days,120secs,16.0,63.0,Float32,300.0,1.0,
2025-12-21 08:28:04.951000+00:00,climacoupler-longruns,1006,failed,GPU AMIP + ED only + integrated land,passed,85214b9e15ee48f265b281562877975206cef286,13.238761666666667,1.8850218759368802,0.17429087,,366.0,263520.0,100.0,amip_edonly_integrated_land_gpu,366days,120secs,16.0,63.0,Float32,366.0,1.0,
2025-12-21 08:28:04.959000+00:00,climacoupler-longruns,1006,failed,GPU AMIP + ED only + 1M microphysics,failed,85214b9e15ee48f265b281562877975206cef286,1.0628647222222223,,,,11.0,8192.0,3.1,amip_edonly_1M_gpu,366days,120secs,16.0,63.0,Float32,366.0,0.031,Found NaN
2025-12-21 08:28:33.516000+00:00,climacoupler-longruns,1006,failed,Aquaplanet: evolving slab ocean,passed,85214b9e15ee48f265b281562877975206cef286,19.83844388888889,0.03351833598411055,19.603723443287777,,10.0,3600.0,100.0,slabplanet_aqua_evolve_ocean,10days,240secs,8.0,63.0,Float64,10.0,1.0,
2025-12-21 08:28:35.610000+00:00,climacoupler-longruns,1006,failed,"Slabplanet: evolving slab ocean, bucket",passed,85214b9e15ee48f265b281562877975206cef286,19.851350555555555,0.033505381235517225,19.61130316031639,,10.0,3600.0,100.0,slabplanet_evolve_ocean,10days,240secs,8.0,63.0,Float64,10.0,1.0,
2025-12-21 09:19:26.046000+00:00,climacoupler-longruns,1006,failed,GPU AMIP + diag. EDMF + integrated land,passed,85214b9e15ee48f265b281562877975206cef286,23.66440916666667,1.0390991052505587,0.31617975,,366.0,263520.0,100.0,amip_diagedmf_integrated_land_gpu,366days,120secs,16.0,63.0,Float32,366.0,1.0,
2025-12-21 09:31:52.804000+00:00,climacoupler-longruns,1006,failed,GPU CMIP: ClimaAtmos + ClimaLand + ClimaOcean + PrescribedSeaIce,failed,85214b9e15ee48f265b281562877975206cef286,0.9273297222222223,,,,5.666666666666667,4096.0,3.1,cmip_edonly_land,186days,,16.0,63.0,Float32,186.0,0.031,Found NaN
2025-12-21 10:03:39.971000+00:00,climacoupler-longruns,1006,failed,GPU CMIP: ClimaAtmos + Bucket + ClimaOcean + PrescribedSeaIce,failed,85214b9e15ee48f265b281562877975206cef286,0.6430008333333334,,,,2.833333333333333,2048.0,1.5,cmip_edonly_bucket,186days,,16.0,63.0,Float32,186.0,0.015,Found NaN
2025-12-28 05:11:03.895000+00:00,climacoupler-cpu-gpu-benchmarks,292,failed,GPU AMIP with prognostic EDMF + 1M + integrated land (16 helems),passed,475da2c6ce6702a4bc23fae27daad9bd3cc3ef84,0.7289283333333333,0.07064290723725425,1.1626861,,0.01388888888888889,40.0,100.0,gpu_amip_progedmf_1M_land_he16,1200secs,30secs,16.0,63.0,Float32,0.013888888888888888,1.0,
2025-12-28 05:11:03.925000+00:00,climacoupler-cpu-gpu-benchmarks,292,failed,GPU ClimaAtmos with diagnostic EDMF,passed,475da2c6ce6702a4bc23fae27daad9bd3cc3ef84,0.2043861111111111,0.8152555114683727,,,0.4875,351.0,97.5,,,,,,,,0.975,
2025-12-28 05:11:03.939000+00:00,climacoupler-cpu-gpu-benchmarks,292,failed,GPU ClimaAtmos without diagnostic EDMF,passed,475da2c6ce6702a4bc23fae27daad9bd3cc3ef84,0.1562763888888889,1.7399939923716388,,,0.4875,351.0,97.5,,,,,,,,0.975,
2025-12-28 05:11:03.975000+00:00,climacoupler-cpu-gpu-benchmarks,292,failed,GPU AMIP with prognostic EDMF + 1M + integrated land (30 helems),passed,475da2c6ce6702a4bc23fae27daad9bd3cc3ef84,0.7712424999999999,0.02121799373616122,3.8710315,,0.01388888888888889,40.0,100.0,gpu_amip_progedmf_1M_land_he30,1200secs,30secs,30.0,63.0,Float32,0.013888888888888888,1.0,
2025-12-28 05:12:15.887000+00:00,climacoupler-cpu-gpu-benchmarks,292,failed,GPU AMIP with diagnostic EDMF,passed,475da2c6ce6702a4bc23fae27daad9bd3cc3ef84,0.4087513888888889,0.7429869537528342,0.44219095,,0.5,360.0,100.0,gpu_amip_diagedmf,12hours,120secs,30.0,63.0,Float32,0.5,1.0,
2025-12-28 05:20:29.986000+00:00,climacoupler-cpu-gpu-benchmarks,292,failed,GPU AMIP with diagnostic EDMF and IO,passed,475da2c6ce6702a4bc23fae27daad9bd3cc3ef84,0.4175627777777778,0.7209230692719722,0.4557242,,0.5,360.0,100.0,gpu_amip_diagedmf_io,12hours,120secs,30.0,63.0,Float32,0.5,1.0,
2025-12-28 08:12:03.880000+00:00,climacoupler-amip,228,passed,Current AMIP: diagedmf + 0M + integrated land,passed,475da2c6ce6702a4bc23fae27daad9bd3cc3ef84,75.18835777777778,0.9674654260149818,0.33959052,,1098.0,790560.0,100.0,amip,1098days,120secs,16.0,63.0,Float32,1098.0,1.0,
2025-12-28 08:28:00.165000+00:00,climacoupler-longruns,1011,failed,Aquaplanet: evolving slab ocean,passed,475da2c6ce6702a4bc23fae27daad9bd3cc3ef84,20.141925833333335,0.03300607222316755,19.90797888548778,,10.0,3600.0,100.0,slabplanet_aqua_evolve_ocean,10days,240secs,8.0,63.0,Float64,10.0,1.0,
2025-12-28 08:28:00.715000+00:00,climacoupler-longruns,1011,failed,"Slabplanet: evolving slab ocean, bucket",passed,475da2c6ce6702a4bc23fae27daad9bd3cc3ef84,20.199731944444444,0.03291831735638432,19.96105031122639,,10.0,3600.0,100.0,slabplanet_evolve_ocean,10days,240secs,8.0,63.0,Float64,10.0,1.0,
2025-12-28 08:28:03.844000+00:00,climacoupler-longruns,1011,failed,GPU CMIP: ClimaAtmos + ClimaLand + ClimaOcean + PrescribedSeaIce,failed,475da2c6ce6702a4bc23fae27daad9bd3cc3ef84,0.9160541666666667,,,,5.666666666666667,4096.0,3.1,cmip_edonly_land,186days,,16.0,63.0,Float32,186.0,0.031,Found NaN
2025-12-28 08:28:03.930000+00:00,climacoupler-longruns,1011,failed,GPU AMIP + ED only,passed,475da2c6ce6702a4bc23fae27daad9bd3cc3ef84,12.0323475,2.0656196256669777,0.15905257,,366.0,263520.0,100.0,amip_edonly_gpu,366days,120secs,16.0,63.0,Float32,366.0,1.0,
2025-12-28 08:28:03.930000+00:00,climacoupler-longruns,1011,failed,GPU AMIP + ED only + 1M microphysics,failed,475da2c6ce6702a4bc23fae27daad9bd3cc3ef84,1.0598622222222223,,,,11.0,8192.0,3.1,amip_edonly_1M_gpu,366days,120secs,16.0,63.0,Float32,366.0,0.031,Found NaN
2025-12-28 08:28:03.938000+00:00,climacoupler-longruns,1011,failed,GPU AMIP + ED only + integrated land,passed,475da2c6ce6702a4bc23fae27daad9bd3cc3ef84,13.186959722222221,1.8919021890418473,0.17365701,,366.0,263520.0,100.0,amip_edonly_integrated_land_gpu,366days,120secs,16.0,63.0,Float32,366.0,1.0,
2025-12-28 08:28:03.954000+00:00,climacoupler-longruns,1011,failed,GPU AMIP + diag. EDMF + integrated land,passed,475da2c6ce6702a4bc23fae27daad9bd3cc3ef84,23.622825555555558,1.0397684032939207,0.31597623,,366.0,263520.0,100.0,amip_diagedmf_integrated_land_gpu,366days,120secs,16.0,63.0,Float32,366.0,1.0,
2025-12-28 08:28:03.976000+00:00,climacoupler-longruns,1011,failed,GPU AMIP + diag. EDMF,passed,475da2c6ce6702a4bc23fae27daad9bd3cc3ef84,18.388221666666666,1.093654445838788,0.3004076,,300.0,216000.0,100.0,amip_diagedmf_gpu,300days,120secs,16.0,63.0,Float32,300.0,1.0,
2025-12-28 09:23:02.978000+00:00,climacoupler-longruns,1011,failed,GPU CMIP: ClimaAtmos + Bucket + ClimaOcean + PrescribedSeaIce,failed,475da2c6ce6702a4bc23fae27daad9bd3cc3ef84,0.630775,,,,2.833333333333333,2048.0,1.5,cmip_edonly_bucket,186days,,16.0,63.0,Float32,186.0,0.015,Found NaN
2026-01-04 05:11:04.845000+00:00,climacoupler-cpu-gpu-benchmarks,293,failed,GPU ClimaAtmos without diagnostic EDMF,passed,475da2c6ce6702a4bc23fae27daad9bd3cc3ef84,0.1603436111111111,1.740223532858883,,,0.4875,351.0,97.5,,,,,,,,0.975,
2026-01-04 05:11:04.911000+00:00,climacoupler-cpu-gpu-benchmarks,293,failed,GPU AMIP with prognostic EDMF + 1M + integrated land (30 helems),passed,475da2c6ce6702a4bc23fae27daad9bd3cc3ef84,0.7950430555555557,0.021261399968261676,3.8631287,,0.01388888888888889,40.0,100.0,gpu_amip_progedmf_1M_land_he30,1200secs,30secs,30.0,63.0,Float32,0.013888888888888888,1.0,
2026-01-04 05:11:04.997000+00:00,climacoupler-cpu-gpu-benchmarks,293,failed,GPU AMIP with prognostic EDMF + 1M + integrated land (16 helems),passed,475da2c6ce6702a4bc23fae27daad9bd3cc3ef84,0.693255,0.07034580990887786,1.1675966,,0.01388888888888889,40.0,100.0,gpu_amip_progedmf_1M_land_he16,1200secs,30secs,16.0,63.0,Float32,0.013888888888888888,1.0,
2026-01-04 05:20:43.879000+00:00,climacoupler-cpu-gpu-benchmarks,293,failed,GPU ClimaAtmos with diagnostic EDMF,passed,475da2c6ce6702a4bc23fae27daad9bd3cc3ef84,0.20538722222222222,0.8151132952928155,,,0.4875,351.0,97.5,,,,,,,,0.975,
2026-01-04 05:33:04.985000+00:00,climacoupler-cpu-gpu-benchmarks,293,failed,GPU AMIP with diagnostic EDMF,passed,475da2c6ce6702a4bc23fae27daad9bd3cc3ef84,0.4110586111111111,0.7344290745707182,0.44734353,,0.5,360.0,100.0,gpu_amip_diagedmf,12hours,120secs,30.0,63.0,Float32,0.5,1.0,
2026-01-04 05:52:41.944000+00:00,climacoupler-cpu-gpu-benchmarks,293,failed,GPU AMIP with diagnostic EDMF and IO,passed,475da2c6ce6702a4bc23fae27daad9bd3cc3ef84,0.41661611111111113,0.7172312095242509,0.45806998,,0.5,360.0,100.0,gpu_amip_diagedmf_io,12hours,120secs,30.0,63.0,Float32,0.5,1.0,
2026-01-04 08:12:03.923000+00:00,climacoupler-amip,229,canceled,Current AMIP: diagedmf + 0M + integrated land,canceled,475da2c6ce6702a4bc23fae27daad9bd3cc3ef84,33.3635425,,,,439.0,316224.0,40.0,amip,1098days,120secs,16.0,63.0,Float32,1098.0,0.4,
2026-01-04 08:29:04.034000+00:00,climacoupler-longruns,1012,failed,GPU AMIP + diag. EDMF,passed,475da2c6ce6702a4bc23fae27daad9bd3cc3ef84,18.40194388888889,1.093371284827476,0.3004854,,300.0,216000.0,100.0,amip_diagedmf_gpu,300days,120secs,16.0,63.0,Float32,300.0,1.0,
2026-01-04 08:29:04.086000+00:00,climacoupler-longruns,1012,failed,GPU AMIP + ED only,passed,475da2c6ce6702a4bc23fae27daad9bd3cc3ef84,12.085470277777777,2.05222662115918,0.16009055,,366.0,263520.0,100.0,amip_edonly_gpu,366days,120secs,16.0,63.0,Float32,366.0,1.0,
2026-01-04 08:29:04.140000+00:00,climacoupler-longruns,1012,failed,GPU AMIP + ED only + 1M microphysics,failed,475da2c6ce6702a4bc23fae27daad9bd3cc3ef84,1.071105,,,,11.0,8192.0,3.1,amip_edonly_1M_gpu,366days,120secs,16.0,63.0,Float32,366.0,0.031,Found NaN
2026-01-04 08:29:04.162000+00:00,climacoupler-longruns,1012,failed,GPU AMIP + ED only + integrated land,passed,475da2c6ce6702a4bc23fae27daad9bd3cc3ef84,13.154062777777776,1.8920459284301172,0.17364383,,366.0,263520.0,100.0,amip_edonly_integrated_land_gpu,366days,120secs,16.0,63.0,Float32,366.0,1.0,
2026-01-04 08:29:16.820000+00:00,climacoupler-longruns,1012,failed,Aquaplanet: evolving slab ocean,passed,475da2c6ce6702a4bc23fae27daad9bd3cc3ef84,19.954906944444442,0.03331807668254537,19.721552212404166,,10.0,3600.0,100.0,slabplanet_aqua_evolve_ocean,10days,240secs,8.0,63.0,Float64,10.0,1.0,
2026-01-04 08:29:18.248000+00:00,climacoupler-longruns,1012,failed,"Slabplanet: evolving slab ocean, bucket",passed,475da2c6ce6702a4bc23fae27daad9bd3cc3ef84,19.95887111111111,0.03331988688750778,19.720480778644443,,10.0,3600.0,100.0,slabplanet_evolve_ocean,10days,240secs,8.0,63.0,Float64,10.0,1.0,
2026-01-04 09:01:59.825000+00:00,climacoupler-longruns,1012,failed,GPU AMIP + diag. EDMF + integrated land,passed,475da2c6ce6702a4bc23fae27daad9bd3cc3ef84,23.80783361111111,1.0319383764733236,0.31837374,,366.0,263520.0,100.0,amip_diagedmf_integrated_land_gpu,366days,120secs,16.0,63.0,Float32,366.0,1.0,
2026-01-04 09:33:21.963000+00:00,climacoupler-longruns,1012,failed,GPU CMIP: ClimaAtmos + ClimaLand + ClimaOcean + PrescribedSeaIce,failed,475da2c6ce6702a4bc23fae27daad9bd3cc3ef84,0.9219927777777778,,,,5.666666666666667,4096.0,3.1,cmip_edonly_land,186days,,16.0,63.0,Float32,186.0,0.031,Found NaN
2026-01-04 09:42:34.815000+00:00,climacoupler-longruns,1012,failed,GPU CMIP: ClimaAtmos + Bucket + ClimaOcean + PrescribedSeaIce,failed,475da2c6ce6702a4bc23fae27daad9bd3cc3ef84,0.6480152777777778,,,,2.833333333333333,2048.0,1.5,cmip_edonly_bucket,186days,,16.0,63.0,Float32,186.0,0.015,Found NaN
2026-01-11 05:12:04.861000+00:00,climacoupler-cpu-gpu-benchmarks,294,passed,GPU ClimaAtmos without diagnostic EDMF,passed,8becc32775217d16857a8af014ae52892e5e18e2,0.15169305555555557,1.7410250569905779,,,0.4875,351.0,97.5,,,,,,,,0.975,
2026-01-11 05:12:04.870000+00:00,climacoupler-cpu-gpu-benchmarks,294,passed,GPU AMIP with prognostic EDMF + 1M + integrated land (16 helems),passed,8becc32775217d16857a8af014ae52892e5e18e2,0.7103872222222222,0.07073706940413454,1.1611383,,0.01388888888888889,40.0,100.0,gpu_amip_progedmf_1M_land_he16,1200secs,30secs,16.0,63.0,Float32,0.013888888888888888,1.0,
2026-01-11 05:12:04.919000+00:00,climacoupler-cpu-gpu-benchmarks,294,passed,GPU ClimaAtmos with diagnostic EDMF,passed,8becc32775217d16857a8af014ae52892e5e18e2,0.19681222222222222,0.816394514347032,,,0.4875,351.0,97.5,,,,,,,,0.975,
2026-01-11 05:12:05.170000+00:00,climacoupler-cpu-gpu-benchmarks,294,passed,GPU AMIP with prognostic EDMF + 1M + integrated land (30 helems),passed,8becc32775217d16857a8af014ae52892e5e18e2,0.7771461111111111,0.02125181804030185,3.8648705,,0.01388888888888889,40.0,100.0,gpu_amip_progedmf_1M_land_he30,1200secs,30secs,30.0,63.0,Float32,0.013888888888888888,1.0,
2026-01-11 05:21:12.805000+00:00,climacoupler-cpu-gpu-benchmarks,294,passed,GPU AMIP with diagnostic EDMF,passed,8becc32775217d16857a8af014ae52892e5e18e2,0.39300444444444443,0.7373992384650228,0.44554168,,0.5,360.0,100.0,gpu_amip_diagedmf,12hours,120secs,30.0,63.0,Float32,0.5,1.0,
2026-01-11 05:23:54.980000+00:00,climacoupler-cpu-gpu-benchmarks,294,passed,GPU AMIP with diagnostic EDMF and IO,passed,8becc32775217d16857a8af014ae52892e5e18e2,0.3998875,0.7213031797899802,0.45548406,,0.5,360.0,100.0,gpu_amip_diagedmf_io,12hours,120secs,30.0,63.0,Float32,0.5,1.0,
2026-01-11 08:12:05.162000+00:00,climacoupler-amip,237,passed,Current AMIP: diagedmf + 0M + integrated land,passed,8becc32775217d16857a8af014ae52892e5e18e2,86.38528138888888,0.8414460804606434,0.39044937,,1098.0,790560.0,100.0,amip,1098days,120secs,16.0,63.0,Float32,1098.0,1.0,
2026-01-11 08:29:05.940000+00:00,climacoupler-longruns,1047,failed,GPU AMIP + ED only,failed,8becc32775217d16857a8af014ae52892e5e18e2,12.022690555555556,2.0484517406657226,0.16038556,,366.0,263520.0,100.0,amip_edonly_gpu,366days,120secs,16.0,63.0,Float32,366.0,1.0,UndefVarError: `test_rmse_thresholds` not defined in `ClimaCoupler.Plotting`
2026-01-11 08:29:05.948000+00:00,climacoupler-longruns,1047,failed,GPU AMIP + ED only + 1M microphysics,failed,8becc32775217d16857a8af014ae52892e5e18e2,1.0336919444444446,,,,11.0,8192.0,3.1,amip_edonly_1M_gpu,366days,120secs,16.0,63.0,Float32,366.0,0.031,Found NaN
2026-01-11 08:29:05.963000+00:00,climacoupler-longruns,1047,failed,GPU AMIP + ED only + integrated land,failed,8becc32775217d16857a8af014ae52892e5e18e2,13.256671388888888,1.8686437879128825,0.17581847,,366.0,263520.0,100.0,amip_edonly_integrated_land_gpu,366days,120secs,16.0,63.0,Float32,366.0,1.0,UndefVarError: `test_rmse_thresholds` not defined in `ClimaCoupler.Plotting`
2026-01-11 08:29:22.334000+00:00,climacoupler-longruns,1047,failed,Aquaplanet: evolving slab ocean,passed,8becc32775217d16857a8af014ae52892e5e18e2,19.873716666666667,0.033459482638174706,19.638205288985002,,10.0,3600.0,100.0,slabplanet_aqua_evolve_ocean,10days,240secs,8.0,63.0,Float64,10.0,1.0,
2026-01-11 08:29:25.115000+00:00,climacoupler-longruns,1047,failed,"Slabplanet: evolving slab ocean, bucket",passed,8becc32775217d16857a8af014ae52892e5e18e2,19.817631944444447,0.03356197440439191,19.57823401550889,,10.0,3600.0,100.0,slabplanet_evolve_ocean,10days,240secs,8.0,63.0,Float64,10.0,1.0,
2026-01-11 09:31:09.405000+00:00,climacoupler-longruns,1047,failed,GPU AMIP + diag. EDMF,failed,8becc32775217d16857a8af014ae52892e5e18e2,18.302942499999997,1.09394005907694,0.30032915,,300.0,216000.0,100.0,amip_diagedmf_gpu,300days,120secs,16.0,63.0,Float32,300.0,1.0,UndefVarError: `test_rmse_thresholds` not defined in `ClimaCoupler.Plotting`
2026-01-11 15:16:37.758000+00:00,climacoupler-longruns,1047,failed,GPU AMIP + diag. EDMF + integrated land,failed,8becc32775217d16857a8af014ae52892e5e18e2,23.488187222222223,1.0422948158779608,0.31521034,,366.0,263520.0,100.0,amip_diagedmf_integrated_land_gpu,366days,120secs,16.0,63.0,Float32,366.0,1.0,UndefVarError: `test_rmse_thresholds` not defined in `ClimaCoupler.Plotting`
2026-01-11 17:45:57.899000+00:00,climacoupler-longruns,1047,failed,GPU CMIP: ClimaAtmos + ClimaLand + ClimaOcean + PrescribedSeaIce,failed,8becc32775217d16857a8af014ae52892e5e18e2,0.8337619444444445,,,,2.833333333333333,2048.0,1.5,cmip_edonly_land,186days,,16.0,63.0,Float32,186.0,0.015,Found NaN
2026-01-11 18:21:12.055000+00:00,climacoupler-longruns,1047,failed,GPU CMIP: ClimaAtmos + Bucket + ClimaOcean + PrescribedSeaIce,failed,8becc32775217d16857a8af014ae52892e5e18e2,0.6406502777777777,,,,2.833333333333333,2048.0,1.5,cmip_edonly_bucket,186days,,16.0,63.0,Float32,186.0,0.015,Found NaN
2026-01-18 00:21:05.183000+00:00,climacoupler-amip,238,failed,Current AMIP: diagedmf + 0M + integrated land,failed,2a711a50c6225ec904fd004d51abaedbba54575b,0.5640580555555555,,,,0.711111111111111,512.0,0.1,amip,1098days,120secs,16.0,63.0,Float32,1098.0,0.001,Found NaN
2026-01-18 05:16:04.920000+00:00,climacoupler-cpu-gpu-benchmarks,296,failed,GPU AMIP with prognostic EDMF + 1M + integrated land (16 helems),passed,2a711a50c6225ec904fd004d51abaedbba54575b,0.8009086111111111,0.08344881810683975,0.9842623,,0.01388888888888889,40.0,100.0,gpu_amip_progedmf_1M_land_he16,1200secs,30secs,16.0,63.0,Float32,0.013888888888888888,1.0,
2026-01-18 05:16:04.943000+00:00,climacoupler-cpu-gpu-benchmarks,296,failed,GPU AMIP with prognostic EDMF + 1M + integrated land (30 helems),passed,2a711a50c6225ec904fd004d51abaedbba54575b,0.8436363888888888,0.025747328419591972,3.1900601,,0.01388888888888889,40.0,100.0,gpu_amip_progedmf_1M_land_he30,1200secs,30secs,30.0,63.0,Float32,0.013888888888888888,1.0,
2026-01-18 05:16:05.022000+00:00,climacoupler-cpu-gpu-benchmarks,296,failed,GPU ClimaAtmos without diagnostic EDMF,passed,2a711a50c6225ec904fd004d51abaedbba54575b,0.15567250000000002,1.7278416505472207,,,0.4875,351.0,97.5,,,,,,,,0.975,
2026-01-18 05:25:26.989000+00:00,climacoupler-cpu-gpu-benchmarks,296,failed,GPU ClimaAtmos with diagnostic EDMF,passed,2a711a50c6225ec904fd004d51abaedbba54575b,0.20653444444444444,0.8091667143799253,,,0.4875,351.0,97.5,,,,,,,,0.975,
2026-01-18 05:37:51.841000+00:00,climacoupler-cpu-gpu-benchmarks,296,failed,GPU AMIP with diagnostic EDMF,passed,2a711a50c6225ec904fd004d51abaedbba54575b,0.3974427777777778,0.7971602020948729,0.4121406,,0.5,360.0,100.0,gpu_amip_diagedmf,12hours,120secs,30.0,63.0,Float32,0.5,1.0,
2026-01-18 06:01:43.803000+00:00,climacoupler-cpu-gpu-benchmarks,296,failed,GPU AMIP with diagnostic EDMF and IO,failed,2a711a50c6225ec904fd004d51abaedbba54575b,0.411315,0.7864672555247444,0.41774416,,0.5,360.0,100.0,gpu_amip_diagedmf_io,12hours,120secs,30.0,63.0,Float32,0.5,1.0,"ArgumentError: start and stop must be finite, got NaN and NaN"
2026-01-18 08:16:05.952000+00:00,climacoupler-amip,242,failed,Current AMIP: diagedmf + 0M + integrated land,failed,2a711a50c6225ec904fd004d51abaedbba54575b,0.5883386111111111,,,,0.711111111111111,512.0,0.1,amip,1098days,120secs,16.0,63.0,Float32,1098.0,0.001,Found NaN
2026-01-18 08:39:05.931000+00:00,climacoupler-longruns,1051,failed,GPU AMIP + ED only + 1M microphysics,passed,2a711a50c6225ec904fd004d51abaedbba54575b,16.14951,1.52732245224081,0.21510984,,366.0,263520.0,100.0,amip_edonly_1M_gpu,366days,120secs,16.0,63.0,Float32,366.0,1.0,
2026-01-18 08:39:05.964000+00:00,climacoupler-longruns,1051,failed,GPU AMIP + ED only,passed,2a711a50c6225ec904fd004d51abaedbba54575b,12.119281388888888,2.0422717667553845,0.1608709,,366.0,263520.0,100.0,amip_edonly_gpu,366days,120secs,16.0,63.0,Float32,366.0,1.0,
2026-01-18 08:39:05.964000+00:00,climacoupler-longruns,1051,failed,GPU AMIP + ED only + integrated land,failed,2a711a50c6225ec904fd004d51abaedbba54575b,0.5087683333333334,,,,0.711111111111111,512.0,0.2,amip_edonly_integrated_land_gpu,366days,120secs,16.0,63.0,Float32,366.0,0.002,Found NaN
2026-01-18 08:39:07.137000+00:00,climacoupler-longruns,1051,failed,Aquaplanet: evolving slab ocean,passed,2a711a50c6225ec904fd004d51abaedbba54575b,20.427201944444445,0.032542604575543393,20.19150579623611,,10.0,3600.0,100.0,slabplanet_aqua_evolve_ocean,10days,240secs,8.0,63.0,Float64,10.0,1.0,
2026-01-18 08:39:07.196000+00:00,climacoupler-longruns,1051,failed,"Slabplanet: evolving slab ocean, bucket",passed,2a711a50c6225ec904fd004d51abaedbba54575b,20.475542777777775,0.03246938868501768,20.237036036804167,,10.0,3600.0,100.0,slabplanet_evolve_ocean,10days,240secs,8.0,63.0,Float64,10.0,1.0,
2026-01-18 08:51:25.955000+00:00,climacoupler-longruns,1051,failed,GPU AMIP + diag. EDMF,passed,2a711a50c6225ec904fd004d51abaedbba54575b,22.402424722222225,1.092223449898128,0.30080116,,366.0,263520.0,100.0,amip_diagedmf_gpu,366days,120secs,16.0,63.0,Float32,366.0,1.0,
2026-01-18 09:09:38.892000+00:00,climacoupler-longruns,1051,failed,GPU AMIP + diag. EDMF + 1M,passed,2a711a50c6225ec904fd004d51abaedbba54575b,13.103964166666668,0.6205406238442353,0.52944493,,120.0,86400.0,100.0,amip_diagedmf_1m_gpu,120days,120secs,16.0,63.0,Float32,120.0,1.0,
2026-01-18 09:24:42.844000+00:00,climacoupler-longruns,1051,failed,GPU AMIP + diag. EDMF + integrated land,failed,2a711a50c6225ec904fd004d51abaedbba54575b,0.5435327777777778,,,,0.711111111111111,512.0,0.2,amip_diagedmf_integrated_land_gpu,366days,120secs,16.0,63.0,Float32,366.0,0.002,Found NaN
2026-01-18 09:57:20.887000+00:00,climacoupler-longruns,1051,failed,GPU CMIP: ClimaAtmos + ClimaLand + ClimaOcean + PrescribedSeaIce,failed,2a711a50c6225ec904fd004d51abaedbba54575b,0.9031922222222223,,,,5.666666666666667,4096.0,3.1,cmip_edonly_land,186days,,16.0,63.0,Float32,186.0,0.031,Found NaN
2026-01-18 10:05:12.994000+00:00,climacoupler-longruns,1051,failed,GPU CMIP: ClimaAtmos + Bucket + ClimaOcean + PrescribedSeaIce,failed,2a711a50c6225ec904fd004d51abaedbba54575b,0.6515052777777778,,,,2.833333333333333,2048.0,1.5,cmip_edonly_bucket,186days,,16.0,63.0,Float32,186.0,0.015,Found NaN
2026-01-19 05:41:04.968000+00:00,climacoupler-amip,246,failed,Current AMIP: diagedmf + 0M + integrated land,failed,2a711a50c6225ec904fd004d51abaedbba54575b,0.05740305555555556,,,,,,,amip,1098days,120secs,16.0,63.0,Float32,1098.0,,"InvalidIRError: compiling MethodInstance for ClimaCoreCUDAExt.copyto_stencil_kernel!(::ClimaCore.Fields.Field{…}, ::ClimaCore.Operators.StencilBroadcasted{…}, :"
2026-01-25 05:13:03.948000+00:00,climacoupler-cpu-gpu-benchmarks,297,failed,GPU AMIP with prognostic EDMF + 1M + integrated land (16 helems),passed,74e724d8d86c216b90f0bd4dbaf2ec8d0eb63c36,0.7406480555555556,0.07851408166420108,1.0461247,,0.01388888888888889,40.0,100.0,gpu_amip_progedmf_1M_land_he16,1200secs,30secs,16.0,63.0,Float32,0.013888888888888888,1.0,
2026-01-25 05:13:03.959000+00:00,climacoupler-cpu-gpu-benchmarks,297,failed,GPU AMIP with prognostic EDMF + 1M + integrated land (30 helems),passed,74e724d8d86c216b90f0bd4dbaf2ec8d0eb63c36,0.7593102777777777,0.024690807461205815,3.326563,,0.01388888888888889,40.0,100.0,gpu_amip_progedmf_1M_land_he30,1200secs,30secs,30.0,63.0,Float32,0.013888888888888888,1.0,
2026-01-25 05:57:31.947000+00:00,climacoupler-cpu-gpu-benchmarks,297,failed,GPU ClimaAtmos without diagnostic EDMF,passed,74e724d8d86c216b90f0bd4dbaf2ec8d0eb63c36,0.15324861111111113,1.7258876574015387,,,0.4875,351.0,97.5,,,,,,,,0.975,
2026-01-25 06:06:44.937000+00:00,climacoupler-cpu-gpu-benchmarks,297,failed,GPU ClimaAtmos with diagnostic EDMF,passed,74e724d8d86c216b90f0bd4dbaf2ec8d0eb63c36,0.19831777777777776,0.8120847779956721,,,0.4875,351.0,97.5,,,,,,,,0.975,
2026-01-25 06:18:40.889000+00:00,climacoupler-cpu-gpu-benchmarks,297,failed,GPU AMIP with diagnostic EDMF,passed,74e724d8d86c216b90f0bd4dbaf2ec8d0eb63c36,0.3783713888888889,0.7580858992238133,0.43338373,,0.5,360.0,100.0,gpu_amip_diagedmf,12hours,120secs,30.0,63.0,Float32,0.5,1.0,
2026-01-25 06:41:24.829000+00:00,climacoupler-cpu-gpu-benchmarks,297,failed,GPU AMIP with diagnostic EDMF and IO,passed,74e724d8d86c216b90f0bd4dbaf2ec8d0eb63c36,0.39521388888888886,0.734133171997185,0.44752383,,0.5,360.0,100.0,gpu_amip_diagedmf_io,12hours,120secs,30.0,63.0,Float32,0.5,1.0,
2026-01-25 08:13:03.880000+00:00,climacoupler-amip,250,failed,Current AMIP: diagedmf + 0M + integrated land,passed,74e724d8d86c216b90f0bd4dbaf2ec8d0eb63c36,73.56394888888889,0.9896298019648437,0.33198485,,1098.0,790560.0,100.0,amip,1098days,120secs,16.0,63.0,Float32,1098.0,1.0,
2026-01-25 08:31:04.898000+00:00,climacoupler-longruns,1058,failed,GPU AMIP + ED only,passed,74e724d8d86c216b90f0bd4dbaf2ec8d0eb63c36,11.926108055555556,2.079198143672571,0.15801385,,366.0,263520.0,100.0,amip_edonly_gpu,366days,120secs,16.0,63.0,Float32,366.0,1.0,
2026-01-25 08:31:04.934000+00:00,climacoupler-longruns,1058,failed,GPU AMIP + ED only + 1M microphysics,failed,74e724d8d86c216b90f0bd4dbaf2ec8d0eb63c36,3.8165508333333333,,,,73.0,52704.0,20.0,amip_edonly_1M_gpu,366days,120secs,16.0,63.0,Float32,366.0,0.2,Found NaN
2026-01-25 08:31:06.333000+00:00,climacoupler-longruns,1058,failed,Aquaplanet: evolving slab ocean,passed,74e724d8d86c216b90f0bd4dbaf2ec8d0eb63c36,22.261119444444443,0.029841883182279694,22.01885802240139,,10.0,3600.0,100.0,slabplanet_aqua_evolve_ocean,10days,240secs,8.0,63.0,Float64,10.0,1.0,
2026-01-25 08:31:06.406000+00:00,climacoupler-longruns,1058,failed,"Slabplanet: evolving slab ocean, bucket",passed,74e724d8d86c216b90f0bd4dbaf2ec8d0eb63c36,22.208898611111113,0.0299245706089531,21.958015621955557,,10.0,3600.0,100.0,slabplanet_evolve_ocean,10days,240secs,8.0,63.0,Float64,10.0,1.0,
2026-01-25 12:20:05.909000+00:00,climacoupler-longruns,1058,failed,GPU AMIP + ED only + integrated land,passed,74e724d8d86c216b90f0bd4dbaf2ec8d0eb63c36,12.587429444444444,1.9887270139380346,0.16520222,,366.0,263520.0,100.0,amip_edonly_integrated_land_gpu,366days,120secs,16.0,63.0,Float32,366.0,1.0,
2026-01-25 13:57:26.993000+00:00,climacoupler-longruns,1058,failed,GPU AMIP + diag. EDMF,passed,74e724d8d86c216b90f0bd4dbaf2ec8d0eb63c36,22.282870833333334,1.0982752150057211,0.29914367,,366.0,263520.0,100.0,amip_diagedmf_gpu,366days,120secs,16.0,63.0,Float32,366.0,1.0,
2026-01-25 14:05:16.977000+00:00,climacoupler-longruns,1058,failed,GPU AMIP + diag. EDMF + 1M,passed,74e724d8d86c216b90f0bd4dbaf2ec8d0eb63c36,12.959608888888887,0.6275538837090042,0.5235281,,120.0,86400.0,100.0,amip_diagedmf_1m_gpu,120days,120secs,16.0,63.0,Float32,120.0,1.0,
2026-01-25 14:24:34.952000+00:00,climacoupler-longruns,1058,failed,GPU AMIP + diag. EDMF + integrated land,passed,74e724d8d86c216b90f0bd4dbaf2ec8d0eb63c36,23.121944999999997,1.0641520159296463,0.30873606,,366.0,263520.0,100.0,amip_diagedmf_integrated_land_gpu,366days,120secs,16.0,63.0,Float32,366.0,1.0,
2026-01-25 14:33:25.022000+00:00,climacoupler-longruns,1058,failed,GPU CMIP: ClimaAtmos + ClimaLand + ClimaOcean + PrescribedSeaIce,failed,74e724d8d86c216b90f0bd4dbaf2ec8d0eb63c36,0.8677919444444444,,,,2.833333333333333,2048.0,1.5,cmip_edonly_land,186days,,16.0,63.0,Float32,186.0,0.015,Found NaN
2026-01-25 15:05:05.969000+00:00,climacoupler-longruns,1058,failed,GPU CMIP: ClimaAtmos + Bucket + ClimaOcean + PrescribedSeaIce,failed,74e724d8d86c216b90f0bd4dbaf2ec8d0eb63c36,0.6183994444444444,,,,2.833333333333333,2048.0,1.5,cmip_edonly_bucket,186days,,16.0,63.0,Float32,186.0,0.015,Found NaN
2026-02-01 05:14:04.997000+00:00,climacoupler-cpu-gpu-benchmarks,298,failed,GPU ClimaAtmos without diagnostic EDMF,passed,3b543251b4c78b5218c07d8e3afa7ac48bc73bf9,0.15406027777777775,1.8077611263577211,,,0.4875,351.0,97.5,,,,,,,,0.975,
2026-02-01 05:14:05.084000+00:00,climacoupler-cpu-gpu-benchmarks,298,failed,GPU AMIP with prognostic EDMF + 1M + integrated land (30 helems),passed,3b543251b4c78b5218c07d8e3afa7ac48bc73bf9,0.7702183333333333,0.03147467118792887,2.6095753,,0.01388888888888889,40.0,100.0,gpu_amip_progedmf_1M_land_he30,1200secs,30secs,30.0,63.0,Float32,0.013888888888888888,1.0,
2026-02-01 05:14:05.251000+00:00,climacoupler-cpu-gpu-benchmarks,298,failed,GPU AMIP with prognostic EDMF + 1M + integrated land (16 helems),passed,3b543251b4c78b5218c07d8e3afa7ac48bc73bf9,0.7302388888888889,0.10068695861935417,0.8157514,,0.01388888888888889,40.0,100.0,gpu_amip_progedmf_1M_land_he16,1200secs,30secs,16.0,63.0,Float32,0.013888888888888888,1.0,
2026-02-01 05:23:20.938000+00:00,climacoupler-cpu-gpu-benchmarks,298,failed,GPU ClimaAtmos with diagnostic EDMF,passed,3b543251b4c78b5218c07d8e3afa7ac48bc73bf9,0.19956527777777777,0.8096800972294987,,,0.4875,351.0,97.5,,,,,,,,0.975,
2026-02-01 05:35:21.159000+00:00,climacoupler-cpu-gpu-benchmarks,298,failed,GPU AMIP with diagnostic EDMF,passed,3b543251b4c78b5218c07d8e3afa7ac48bc73bf9,0.371745,0.8209980302281935,0.40017402,,0.5,360.0,100.0,gpu_amip_diagedmf,12hours,120secs,30.0,63.0,Float32,0.5,1.0,
2026-02-01 05:57:41.075000+00:00,climacoupler-cpu-gpu-benchmarks,298,failed,GPU AMIP with diagnostic EDMF and IO,failed,3b543251b4c78b5218c07d8e3afa7ac48bc73bf9,0.38004055555555555,0.8150731544338061,0.40308297,,0.5,360.0,100.0,gpu_amip_diagedmf_io,12hours,120secs,30.0,63.0,Float32,0.5,1.0,Failed to resolve cairo_attributes:
2026-02-01 08:14:05.094000+00:00,climacoupler-amip,254,failed,Current AMIP: diagedmf + 0M + integrated land,failed,3b543251b4c78b5218c07d8e3afa7ac48bc73bf9,0.5367116666666667,,,,0.711111111111111,512.0,0.1,amip,1098days,120secs,16.0,63.0,Float32,1098.0,0.001,Found NaN
2026-02-01 08:32:05.133000+00:00,climacoupler-longruns,1059,failed,GPU AMIP + ED only + integrated land,failed,3b543251b4c78b5218c07d8e3afa7ac48bc73bf9,0.47248055555555557,,,,0.711111111111111,512.0,0.2,amip_edonly_integrated_land_gpu,366days,120secs,16.0,63.0,Float32,366.0,0.002,Found NaN
2026-02-01 08:32:05.154000+00:00,climacoupler-longruns,1059,failed,GPU AMIP + ED only,passed,3b543251b4c78b5218c07d8e3afa7ac48bc73bf9,11.290407499999999,2.199542726661257,0.14936836,,366.0,263520.0,100.0,amip_edonly_gpu,366days,120secs,16.0,63.0,Float32,366.0,1.0,
2026-02-01 08:32:05.157000+00:00,climacoupler-longruns,1059,failed,GPU AMIP + ED only + 1M microphysics,failed,3b543251b4c78b5218c07d8e3afa7ac48bc73bf9,9.053600833333332,,,,201.0,144936.0,55.0,amip_edonly_1M_gpu,366days,120secs,16.0,63.0,Float32,366.0,0.55,Found NaN
2026-02-01 08:32:05.248000+00:00,climacoupler-longruns,1059,failed,GPU AMIP + diag. EDMF,passed,3b543251b4c78b5218c07d8e3afa7ac48bc73bf9,22.438605,1.0893455320559702,0.30159587,,366.0,263520.0,100.0,amip_diagedmf_gpu,366days,120secs,16.0,63.0,Float32,366.0,1.0,
2026-02-01 08:32:05.279000+00:00,climacoupler-longruns,1059,failed,GPU AMIP + diag. EDMF + 1M,failed,3b543251b4c78b5218c07d8e3afa7ac48bc73bf9,6.294830277777778,,,,54.0,38880.0,45.0,amip_diagedmf_1m_gpu,120days,120secs,16.0,63.0,Float32,120.0,0.45,Found NaN
2026-02-01 08:32:08.427000+00:00,climacoupler-longruns,1059,failed,"Slabplanet: evolving slab ocean, bucket",passed,3b543251b4c78b5218c07d8e3afa7ac48bc73bf9,17.65669861111111,0.03770958935656411,17.424856651145834,,10.0,3600.0,100.0,slabplanet_evolve_ocean,10days,240secs,8.0,63.0,Float64,10.0,1.0,
2026-02-01 08:32:08.428000+00:00,climacoupler-longruns,1059,failed,Aquaplanet: evolving slab ocean,passed,3b543251b4c78b5218c07d8e3afa7ac48bc73bf9,17.516744444444445,0.03799366696271262,17.29457147572972,,10.0,3600.0,100.0,slabplanet_aqua_evolve_ocean,10days,240secs,8.0,63.0,Float64,10.0,1.0,
2026-02-01 08:46:19.117000+00:00,climacoupler-longruns,1059,failed,GPU AMIP + diag. EDMF + integrated land,failed,3b543251b4c78b5218c07d8e3afa7ac48bc73bf9,0.5174227777777778,,,,0.711111111111111,512.0,0.2,amip_diagedmf_integrated_land_gpu,366days,120secs,16.0,63.0,Float32,366.0,0.002,Found NaN
2026-02-01 09:00:28.027000+00:00,climacoupler-longruns,1059,failed,GPU CMIP: ClimaAtmos + ClimaLand + ClimaOcean + ClimaSeaIce,failed,3b543251b4c78b5218c07d8e3afa7ac48bc73bf9,0.7886322222222222,,,,2.833333333333333,2048.0,1.5,cmip_edonly_land,186days,,16.0,63.0,Float32,186.0,0.015,AssertionError: minimum((ice_fraction .+ land_fraction) .+ ocean_fraction) ≈ FT(1)
2026-02-01 09:17:24.893000+00:00,climacoupler-longruns,1059,failed,GPU CMIP: ClimaAtmos + Bucket + ClimaOcean + ClimaSeaIce,failed,3b543251b4c78b5218c07d8e3afa7ac48bc73bf9,0.6190630555555555,,,,2.833333333333333,2048.0,1.5,cmip_edonly_bucket,186days,,16.0,63.0,Float32,186.0,0.015,AssertionError: minimum((ice_fraction .+ land_fraction) .+ ocean_fraction) ≈ FT(1)
2026-02-07 16:14:04.252000+00:00,climacoupler-amip,260,failed,Current AMIP: diagedmf + 0M + integrated land,canceled,8e60f3921b8c6692446ebb20b40efb68e852a044,52.96990361111111,,,,768.0,553392.0,70.0,amip,1098days,120secs,16.0,63.0,Float32,1098.0,0.7,
2026-02-08 05:14:04.997000+00:00,climacoupler-cpu-gpu-benchmarks,299,failed,GPU AMIP with prognostic EDMF + 1M + integrated land (16 helems),passed,8e60f3921b8c6692446ebb20b40efb68e852a044,0.8101577777777779,0.10965786791825102,0.7490162,,0.01388888888888889,40.0,100.0,gpu_amip_progedmf_1M_land_he16,1200secs,30secs,16.0,63.0,Float32,0.013888888888888888,1.0,
2026-02-08 05:14:04.998000+00:00,climacoupler-cpu-gpu-benchmarks,299,failed,GPU ClimaAtmos without diagnostic EDMF,passed,8e60f3921b8c6692446ebb20b40efb68e852a044,0.1696025,1.6967473181718513,,,0.4875,351.0,97.5,,,,,,,,0.975,
2026-02-08 05:14:04.999000+00:00,climacoupler-cpu-gpu-benchmarks,299,failed,GPU AMIP with prognostic EDMF + 1M + integrated land (30 helems),passed,8e60f3921b8c6692446ebb20b40efb68e852a044,0.81185,0.03352699519153149,2.4498324,,0.01388888888888889,40.0,100.0,gpu_amip_progedmf_1M_land_he30,1200secs,30secs,30.0,63.0,Float32,0.013888888888888888,1.0,
2026-02-08 05:24:17.185000+00:00,climacoupler-cpu-gpu-benchmarks,299,failed,GPU ClimaAtmos with diagnostic EDMF,passed,8e60f3921b8c6692446ebb20b40efb68e852a044,0.21566888888888888,0.7908234735026062,,,0.4875,351.0,97.5,,,,,,,,0.975,
2026-02-08 05:26:34.119000+00:00,climacoupler-cpu-gpu-benchmarks,299,failed,GPU AMIP with diagnostic EDMF,passed,8e60f3921b8c6692446ebb20b40efb68e852a044,0.39773027777777775,0.736511009430453,0.446079,,0.5,360.0,100.0,gpu_amip_diagedmf,12hours,120secs,30.0,63.0,Float32,0.5,1.0,
2026-02-08 05:37:15.027000+00:00,climacoupler-cpu-gpu-benchmarks,299,failed,GPU AMIP with diagnostic EDMF and IO,passed,8e60f3921b8c6692446ebb20b40efb68e852a044,0.4205688888888889,0.7153567718848606,0.45927027,,0.5,360.0,100.0,gpu_amip_diagedmf_io,12hours,120secs,30.0,63.0,Float32,0.5,1.0,
2026-02-08 08:33:04.270000+00:00,climacoupler-longruns,1060,failed,GPU AMIP + ED only + integrated land,passed,8e60f3921b8c6692446ebb20b40efb68e852a044,13.14318777777778,1.9049477616926822,0.17246777,,366.0,263520.0,100.0,amip_edonly_integrated_land_gpu,366days,120secs,16.0,63.0,Float32,366.0,1.0,
2026-02-08 08:33:04.306000+00:00,climacoupler-longruns,1060,failed,GPU AMIP + ED only + 1M microphysics,passed,8e60f3921b8c6692446ebb20b40efb68e852a044,16.025134166666668,1.542051347249219,0.21305522,,366.0,263520.0,100.0,amip_edonly_1M_gpu,366days,120secs,16.0,63.0,Float32,366.0,1.0,
2026-02-08 08:33:04.356000+00:00,climacoupler-longruns,1060,failed,GPU AMIP + diag. EDMF,passed,8e60f3921b8c6692446ebb20b40efb68e852a044,23.589401388888888,1.036286971522146,0.31703776,,366.0,263520.0,100.0,amip_diagedmf_gpu,366days,120secs,16.0,63.0,Float32,366.0,1.0,
2026-02-08 08:33:04.382000+00:00,climacoupler-longruns,1060,failed,GPU AMIP + ED only,passed,8e60f3921b8c6692446ebb20b40efb68e852a044,12.478018333333333,1.984332708394482,0.16556805,,366.0,263520.0,100.0,amip_edonly_gpu,366days,120secs,16.0,63.0,Float32,366.0,1.0,
2026-02-08 08:33:04.484000+00:00,climacoupler-longruns,1060,failed,GPU AMIP + diag. EDMF + 1M,passed,8e60f3921b8c6692446ebb20b40efb68e852a044,12.914250555555556,0.6321752537689425,0.51970094,,120.0,86400.0,100.0,amip_diagedmf_1m_gpu,120days,120secs,16.0,63.0,Float32,120.0,1.0,
2026-02-08 08:33:06.602000+00:00,climacoupler-longruns,1060,failed,Aquaplanet: evolving slab ocean,passed,8e60f3921b8c6692446ebb20b40efb68e852a044,19.311959444444444,0.034472853449736315,19.06091672596167,,10.0,3600.0,100.0,slabplanet_aqua_evolve_ocean,10days,240secs,8.0,63.0,Float64,10.0,1.0,
2026-02-08 08:33:06.611000+00:00,climacoupler-longruns,1060,failed,"Slabplanet: evolving slab ocean, bucket",passed,8e60f3921b8c6692446ebb20b40efb68e852a044,19.460177222222224,0.03422203537550191,19.20061684531139,,10.0,3600.0,100.0,slabplanet_evolve_ocean,10days,240secs,8.0,63.0,Float64,10.0,1.0,
2026-02-08 17:03:14.069000+00:00,climacoupler-longruns,1060,failed,GPU CMIP: ClimaAtmos + ClimaLand + ClimaOcean + ClimaSeaIce,failed,8e60f3921b8c6692446ebb20b40efb68e852a044,0.8183122222222222,,,,2.833333333333333,2048.0,1.5,cmip_edonly_land,186days,,16.0,63.0,Float32,186.0,0.015,AssertionError: minimum((ice_fraction .+ land_fraction) .+ ocean_fraction) ≈ FT(1)
2026-02-08 17:03:14.119000+00:00,climacoupler-longruns,1060,failed,GPU AMIP + diag. EDMF + integrated land,passed,8e60f3921b8c6692446ebb20b40efb68e852a044,24.233465833333334,1.0137517933884022,0.32408533,,366.0,263520.0,100.0,amip_diagedmf_integrated_land_gpu,366days,120secs,16.0,63.0,Float32,366.0,1.0,
2026-02-08 17:52:22.217000+00:00,climacoupler-longruns,1060,failed,GPU CMIP: ClimaAtmos + Bucket + ClimaOcean + ClimaSeaIce,failed,8e60f3921b8c6692446ebb20b40efb68e852a044,0.6291661111111111,,,,2.833333333333333,2048.0,1.5,cmip_edonly_bucket,186days,,16.0,63.0,Float32,186.0,0.015,AssertionError: minimum((ice_fraction .+ land_fraction) .+ ocean_fraction) ≈ FT(1)
2026-02-14 16:58:03.193000+00:00,climacoupler-amip,262,failed,Current AMIP: diagedmf + 0M + integrated land,failed,af0acf1b3e1f3a0f41c37fe562a7f4761fb22512,55.505203888888886,,,,878.0,632448.0,80.0,amip,1098days,120secs,16.0,63.0,Float32,1098.0,0.8,NetCDF error: NetCDF: HDF error (NetCDF error code: -101)
2026-02-15 05:14:04.212000+00:00,climacoupler-cpu-gpu-benchmarks,300,failed,GPU ClimaAtmos with diagnostic EDMF,passed,af0acf1b3e1f3a0f41c37fe562a7f4761fb22512,0.21108749999999998,0.7899688496307458,,,0.4875,351.0,97.5,,,,,,,,0.975,
2026-02-15 05:14:04.262000+00:00,climacoupler-cpu-gpu-benchmarks,300,failed,GPU AMIP with prognostic EDMF + 1M + integrated land (16 helems),passed,af0acf1b3e1f3a0f41c37fe562a7f4761fb22512,0.7510161111111111,0.12006015573401202,0.68411976,,0.01388888888888889,40.0,100.0,gpu_amip_progedmf_1M_land_he16,1200secs,30secs,16.0,63.0,Float32,0.013888888888888888,1.0,
2026-02-15 05:14:04.325000+00:00,climacoupler-cpu-gpu-benchmarks,300,failed,GPU AMIP with prognostic EDMF + 1M + integrated land (30 helems),passed,af0acf1b3e1f3a0f41c37fe562a7f4761fb22512,0.8098005555555556,0.037079052189119215,2.2151463,,0.01388888888888889,40.0,100.0,gpu_amip_progedmf_1M_land_he30,1200secs,30secs,30.0,63.0,Float32,0.013888888888888888,1.0,
2026-02-15 05:14:04.539000+00:00,climacoupler-cpu-gpu-benchmarks,300,failed,GPU ClimaAtmos without diagnostic EDMF,passed,af0acf1b3e1f3a0f41c37fe562a7f4761fb22512,0.1655722222222222,1.6972435212809094,,,0.4875,351.0,97.5,,,,,,,,0.975,
2026-02-15 05:24:02.291000+00:00,climacoupler-cpu-gpu-benchmarks,300,failed,GPU AMIP with diagnostic EDMF,passed,af0acf1b3e1f3a0f41c37fe562a7f4761fb22512,0.40247666666666665,0.742269130939077,0.44261855,,0.5,360.0,100.0,gpu_amip_diagedmf,12hours,120secs,30.0,63.0,Float32,0.5,1.0,
2026-02-15 05:26:46.068000+00:00,climacoupler-cpu-gpu-benchmarks,300,failed,GPU AMIP with diagnostic EDMF and IO,passed,af0acf1b3e1f3a0f41c37fe562a7f4761fb22512,0.42573805555555555,0.7166287818632767,0.45845506,,0.5,360.0,100.0,gpu_amip_diagedmf_io,12hours,120secs,30.0,63.0,Float32,0.5,1.0,
2026-02-15 08:32:05.231000+00:00,climacoupler-longruns,1062,failed,GPU AMIP + diag. EDMF,passed,af0acf1b3e1f3a0f41c37fe562a7f4761fb22512,22.787644166666666,1.0740856559409182,0.30588073,,366.0,263520.0,100.0,amip_diagedmf_gpu,366days,120secs,16.0,63.0,Float32,366.0,1.0,
2026-02-15 08:32:05.295000+00:00,climacoupler-longruns,1062,failed,GPU AMIP + diag. EDMF + 1M,passed,af0acf1b3e1f3a0f41c37fe562a7f4761fb22512,12.5715625,0.6484498590421862,0.50665766,,120.0,86400.0,100.0,amip_diagedmf_1m_gpu,120days,120secs,16.0,63.0,Float32,120.0,1.0,
2026-02-15 08:32:05.301000+00:00,climacoupler-longruns,1062,failed,GPU AMIP + ED only + integrated land,passed,af0acf1b3e1f3a0f41c37fe562a7f4761fb22512,12.432566111111111,2.017234707347256,0.16286756,,366.0,263520.0,100.0,amip_edonly_integrated_land_gpu,366days,120secs,16.0,63.0,Float32,366.0,1.0,
2026-02-15 08:32:05.344000+00:00,climacoupler-longruns,1062,failed,GPU AMIP + ED only,passed,af0acf1b3e1f3a0f41c37fe562a7f4761fb22512,11.76014611111111,2.1131034139369085,0.15547848,,366.0,263520.0,100.0,amip_edonly_gpu,366days,120secs,16.0,63.0,Float32,366.0,1.0,
2026-02-15 08:32:05.474000+00:00,climacoupler-longruns,1062,failed,GPU AMIP + ED only + 1M microphysics,passed,af0acf1b3e1f3a0f41c37fe562a7f4761fb22512,15.125384722222222,1.6340366093223704,0.20106165,,366.0,263520.0,100.0,amip_edonly_1M_gpu,366days,120secs,16.0,63.0,Float32,366.0,1.0,
2026-02-15 08:32:10.141000+00:00,climacoupler-longruns,1062,failed,"Slabplanet: evolving slab ocean, bucket",passed,af0acf1b3e1f3a0f41c37fe562a7f4761fb22512,19.46830861111111,0.03415898452885121,19.236057452373057,,10.0,3600.0,100.0,slabplanet_evolve_ocean,10days,240secs,8.0,63.0,Float64,10.0,1.0,
2026-02-15 08:32:13.823000+00:00,climacoupler-longruns,1062,failed,Aquaplanet: evolving slab ocean,passed,af0acf1b3e1f3a0f41c37fe562a7f4761fb22512,19.184133888888887,0.03465162743520136,18.96257802437861,,10.0,3600.0,100.0,slabplanet_aqua_evolve_ocean,10days,240secs,8.0,63.0,Float64,10.0,1.0,
2026-02-15 08:45:44.160000+00:00,climacoupler-longruns,1062,failed,GPU AMIP + diag. EDMF + integrated land,passed,af0acf1b3e1f3a0f41c37fe562a7f4761fb22512,23.614056944444442,1.0408152678176077,0.31565842,,366.0,263520.0,100.0,amip_diagedmf_integrated_land_gpu,366days,120secs,16.0,63.0,Float32,366.0,1.0,
2026-02-15 09:41:58.824000+00:00,climacoupler-longruns,1062,failed,GPU CMIP: ClimaAtmos + ClimaLand + ClimaOcean + ClimaSeaIce,failed,af0acf1b3e1f3a0f41c37fe562a7f4761fb22512,0.9174788888888888,,,,2.833333333333333,2048.0,1.5,cmip_edonly_land,186days,,16.0,63.0,Float64,186.0,0.015,AssertionError: minimum((ice_fraction .+ land_fraction) .+ ocean_fraction) ≈ FT(1)
2026-02-15 10:37:03.163000+00:00,climacoupler-longruns,1062,failed,GPU CMIP: ClimaAtmos + Bucket + ClimaOcean + ClimaSeaIce,failed,af0acf1b3e1f3a0f41c37fe562a7f4761fb22512,0.7079377777777778,,,,2.833333333333333,2048.0,1.5,cmip_edonly_bucket,186days,,16.0,63.0,Float64,186.0,0.015,AssertionError: minimum((ice_fraction .+ land_fraction) .+ ocean_fraction) ≈ FT(1)
2026-02-21 16:14:04.295000+00:00,climacoupler-amip,263,failed,Current AMIP: diagedmf + 0M + integrated land,failed,ff10c2ef319506a3247e50d19318869cd1e9cb00,71.90232333333333,1.009110923307557,0.3255758,,1098.0,790560.0,100.0,amip,1098days,120secs,16.0,63.0,Float32,1098.0,1.0,"Found multiple coordinates for hur: Set(Any[nothing, ""pressure""]). You have to specify it."
2026-02-22 05:14:04.155000+00:00,climacoupler-cpu-gpu-benchmarks,301,failed,GPU AMIP with prognostic EDMF + 1M + integrated land (30 helems),passed,ff10c2ef319506a3247e50d19318869cd1e9cb00,0.7941688888888888,0.039222221649485876,2.094107,,0.01388888888888889,40.0,100.0,gpu_amip_progedmf_1M_land_he30,1200secs,30secs,30.0,63.0,Float32,0.013888888888888888,1.0,
2026-02-22 05:14:04.223000+00:00,climacoupler-cpu-gpu-benchmarks,301,failed,GPU AMIP with prognostic EDMF + 1M + integrated land (16 helems),passed,ff10c2ef319506a3247e50d19318869cd1e9cb00,0.770073888888889,0.1271742109419964,0.6458505,,0.01388888888888889,40.0,100.0,gpu_amip_progedmf_1M_land_he16,1200secs,30secs,16.0,63.0,Float32,0.013888888888888888,1.0,
2026-02-22 05:58:04.187000+00:00,climacoupler-cpu-gpu-benchmarks,301,failed,GPU ClimaAtmos without diagnostic EDMF,passed,ff10c2ef319506a3247e50d19318869cd1e9cb00,0.16919444444444445,1.6016538956125839,,,0.4875,351.0,97.5,,,,,,,,0.975,
2026-02-22 06:01:45.092000+00:00,climacoupler-cpu-gpu-benchmarks,301,failed,GPU ClimaAtmos with diagnostic EDMF,passed,ff10c2ef319506a3247e50d19318869cd1e9cb00,0.21876333333333334,0.7619193435733851,,,0.4875,351.0,97.5,,,,,,,,0.975,
2026-02-22 06:08:15.201000+00:00,climacoupler-cpu-gpu-benchmarks,301,failed,GPU AMIP with diagnostic EDMF,passed,ff10c2ef319506a3247e50d19318869cd1e9cb00,0.4093738888888889,0.7241484340156714,0.4536944,,0.5,360.0,100.0,gpu_amip_diagedmf,12hours,120secs,30.0,63.0,Float32,0.5,1.0,
2026-02-22 06:14:54.197000+00:00,climacoupler-cpu-gpu-benchmarks,301,failed,GPU AMIP with diagnostic EDMF and IO,passed,ff10c2ef319506a3247e50d19318869cd1e9cb00,0.4276683333333333,0.7018637237338652,0.46809956,,0.5,360.0,100.0,gpu_amip_diagedmf_io,12hours,120secs,30.0,63.0,Float32,0.5,1.0,
2026-02-22 08:33:04.236000+00:00,climacoupler-longruns,1063,failed,GPU AMIP + ED only,canceled,ff10c2ef319506a3247e50d19318869cd1e9cb00,9.233639166666668,,,,256.0,184464.0,70.0,amip_edonly_gpu,366days,120secs,16.0,63.0,Float32,366.0,0.7,
2026-02-22 08:33:04.275000+00:00,climacoupler-longruns,1063,failed,GPU AMIP + diag. EDMF + integrated land + 2K SST,failed,ff10c2ef319506a3247e50d19318869cd1e9cb00,24.306750833333332,1.0095471248002355,0.32543513,,366.0,263520.0,100.0,amip_diagedmf_land_p2k_gpu,366days,120secs,16.0,63.0,Float32,366.0,1.0,"Coordinates pressure not available for hus, reduction average, and period 1M. Available: Set(Any[nothing])"
2026-02-22 08:33:04.303000+00:00,climacoupler-longruns,1063,failed,GPU AMIP + diag. EDMF + integrated land,failed,ff10c2ef319506a3247e50d19318869cd1e9cb00,24.292579444444442,1.0092127465264007,0.32554296,,366.0,263520.0,100.0,amip_diagedmf_land_gpu,366days,120secs,16.0,63.0,Float32,366.0,1.0,"Coordinates pressure not available for hus, reduction average, and period 1M. Available: Set(Any[nothing])"
2026-02-22 08:33:04.402000+00:00,climacoupler-longruns,1063,failed,GPU AMIP + diag. EDMF + 1M + integrated land,canceled,ff10c2ef319506a3247e50d19318869cd1e9cb00,9.234415,,,,99.0,71424.0,80.0,amip_diagedmf_1m_land_gpu,124days,120secs,16.0,63.0,Float32,124.0,0.8,
2026-02-22 08:33:06.921000+00:00,climacoupler-longruns,1063,failed,Aquaplanet: evolving slab ocean,failed,ff10c2ef319506a3247e50d19318869cd1e9cb00,22.908371944444443,0.028974505709218223,22.678012025677223,,10.0,3600.0,100.0,slabplanet_aqua_evolve_ocean,10days,240secs,8.0,63.0,Float64,10.0,1.0,AssertionError: rse[end] < 0.035
2026-02-22 08:33:06.992000+00:00,climacoupler-longruns,1063,failed,"Slabplanet: evolving slab ocean, bucket",passed,ff10c2ef319506a3247e50d19318869cd1e9cb00,22.917212222222226,0.028968978569631487,22.68233887958111,,10.0,3600.0,100.0,slabplanet_evolve_ocean,10days,240secs,8.0,63.0,Float64,10.0,1.0,
2026-02-22 08:33:07.144000+00:00,climacoupler-longruns,1063,failed,GPU AMIP + prog. EDMF + integrated land,failed,ff10c2ef319506a3247e50d19318869cd1e9cb00,10.657791666666668,1.1913331367573412,0.27577683,,186.0,133920.0,100.0,amip_progedmf_gpu,186days,120secs,16.0,63.0,Float32,186.0,1.0,"Coordinates pressure not available for hus, reduction average, and period 1M. Available: Set(Any[nothing])"
2026-02-22 12:09:00.135000+00:00,climacoupler-longruns,1063,failed,GPU CMIP: ClimaAtmos + ClimaLand + ClimaOcean + ClimaSeaIce,failed,ff10c2ef319506a3247e50d19318869cd1e9cb00,0.9893,,,,2.833333333333333,2048.0,1.5,cmip_edonly_land,186days,,16.0,63.0,Float64,186.0,0.015,AssertionError: minimum((ice_fraction .+ land_fraction) .+ ocean_fraction) ≈ FT(1)
2026-02-22 13:08:24.317000+00:00,climacoupler-longruns,1063,failed,GPU CMIP: ClimaAtmos + Bucket + ClimaOcean + ClimaSeaIce,failed,ff10c2ef319506a3247e50d19318869cd1e9cb00,0.7464530555555556,,,,2.833333333333333,2048.0,1.5,cmip_edonly_bucket,186days,,16.0,63.0,Float64,186.0,0.015,AssertionError: minimum((ice_fraction .+ land_fraction) .+ ocean_fraction) ≈ FT(1)
2026-02-28 16:15:05.285000+00:00,climacoupler-amip,264,failed,Current AMIP: diagedmf + 0M + integrated land,failed,64b196a543501ea0a7927ae619244e527ee392ea,50.63240277777778,,,,728.1666666666666,524288.0,66.3,amip,1098days,120secs,16.0,63.0,Float32,1098.0,0.6629999999999999,"CUDA error: unspecified launch failure (code 719, ERROR_LAUNCH_FAILED)WARNING: Error while freeing DeviceMemory(5.906 MiB at 0x00007f2816c00000):"
2026-03-01 05:15:04.265000+00:00,climacoupler-cpu-gpu-benchmarks,302,failed,GPU AMIP with prognostic EDMF + 1M + integrated land (16 helems),passed,64b196a543501ea0a7927ae619244e527ee392ea,0.9015486111111111,0.10582565813198318,0.77614,,0.01388888888888889,40.0,100.0,gpu_amip_progedmf_1M_land_he16,1200secs,30secs,16.0,63.0,Float32,0.013888888888888888,1.0,
2026-03-01 05:15:04.275000+00:00,climacoupler-cpu-gpu-benchmarks,302,failed,GPU ClimaAtmos without diagnostic EDMF,passed,64b196a543501ea0a7927ae619244e527ee392ea,0.2124213888888889,1.5488068372829324,,,0.4875,351.0,97.5,,,,,,,,0.975,
2026-03-01 05:15:04.285000+00:00,climacoupler-cpu-gpu-benchmarks,302,failed,GPU AMIP with prognostic EDMF + 1M + integrated land (30 helems),passed,64b196a543501ea0a7927ae619244e527ee392ea,0.9050208333333333,0.03298700357734169,2.4899359,,0.01388888888888889,40.0,100.0,gpu_amip_progedmf_1M_land_he30,1200secs,30secs,30.0,63.0,Float32,0.013888888888888888,1.0,
2026-03-01 05:27:51.246000+00:00,climacoupler-cpu-gpu-benchmarks,302,failed,GPU ClimaAtmos with diagnostic EDMF,passed,64b196a543501ea0a7927ae619244e527ee392ea,0.27319166666666667,0.7418868594757408,,,0.4875,351.0,97.5,,,,,,,,0.975,
2026-03-01 05:44:16.320000+00:00,climacoupler-cpu-gpu-benchmarks,302,failed,GPU AMIP with diagnostic EDMF,passed,64b196a543501ea0a7927ae619244e527ee392ea,0.4333438888888889,0.706405078059734,0.46509022,,0.5,360.0,100.0,gpu_amip_diagedmf,12hours,120secs,30.0,63.0,Float32,0.5,1.0,
2026-03-01 06:09:12.167000+00:00,climacoupler-cpu-gpu-benchmarks,302,failed,GPU AMIP with diagnostic EDMF and IO,passed,64b196a543501ea0a7927ae619244e527ee392ea,0.4447469444444444,0.6741673141500034,0.4873302,,0.5,360.0,100.0,gpu_amip_diagedmf_io,12hours,120secs,30.0,63.0,Float32,0.5,1.0,
2026-03-01 08:40:05.239000+00:00,climacoupler-longruns,1064,failed,GPU AMIP + diag. EDMF + integrated land,failed,64b196a543501ea0a7927ae619244e527ee392ea,0.048481111111111114,,,,,,,amip_diagedmf_land,366days,120secs,16.0,63.0,Float32,366.0,,"Artifact ""era5_inst_model_levels"" was not found by looking in the path ""/scratch/clima/slurm-buildkite/climacoupler-longruns/1064/depot/default/artifacts/8aae2d"
2026-03-01 08:40:05.253000+00:00,climacoupler-longruns,1064,failed,GPU AMIP + diag. EDMF + integrated land + 2K SST,failed,64b196a543501ea0a7927ae619244e527ee392ea,0.04712472222222222,,,,,,,amip_diagedmf_land_p2k,366days,120secs,16.0,63.0,Float32,366.0,,"Artifact ""era5_inst_model_levels"" was not found by looking in the path ""/scratch/clima/slurm-buildkite/climacoupler-longruns/1064/depot/default/artifacts/8aae2d"
2026-03-01 08:40:07.695000+00:00,climacoupler-longruns,1064,failed,Aquaplanet: evolving slab ocean,failed,64b196a543501ea0a7927ae619244e527ee392ea,21.491691111111113,0.030966767743608264,21.219011113852222,,10.0,3600.0,100.0,slabplanet_aqua_evolve_ocean,10days,240secs,8.0,63.0,Float64,10.0,1.0,AssertionError: rse[end] < 0.035
2026-03-01 08:40:07.708000+00:00,climacoupler-longruns,1064,failed,"Slabplanet: evolving slab ocean, bucket",passed,64b196a543501ea0a7927ae619244e527ee392ea,21.672915277777776,0.03070869822292871,21.397331275380832,,10.0,3600.0,100.0,slabplanet_evolve_ocean,10days,240secs,8.0,63.0,Float64,10.0,1.0,
2026-03-01 08:42:53.159000+00:00,climacoupler-longruns,1064,failed,GPU AMIP + diag. EDMF + 1M + integrated land,failed,64b196a543501ea0a7927ae619244e527ee392ea,0.04260166666666667,,,,,,,amip_diagedmf_1m_land,124days,120secs,16.0,63.0,Float32,124.0,,"Artifact ""era5_inst_model_levels"" was not found by looking in the path ""/scratch/clima/slurm-buildkite/climacoupler-longruns/1064/depot/default/artifacts/8aae2d"
2026-03-01 08:42:57.153000+00:00,climacoupler-longruns,1064,failed,GPU AMIP + prog. EDMF + bucket,failed,64b196a543501ea0a7927ae619244e527ee392ea,11.505510277777777,,,,182.04166666666666,131072.0,97.9,amip_progedmf,186days,120secs,16.0,63.0,Float32,186.0,0.9790000000000001,Found NaN
2026-03-01 08:43:01.108000+00:00,climacoupler-longruns,1064,failed,GPU CMIP: ClimaAtmos + ClimaLand + ClimaOcean + ClimaSeaIce,failed,64b196a543501ea0a7927ae619244e527ee392ea,1.0347572222222223,,,,2.833333333333333,2048.0,1.5,cmip_edonly_land,186days,,16.0,63.0,Float64,186.0,0.015,AssertionError: minimum((ice_fraction .+ land_fraction) .+ ocean_fraction) ≈ FT(1)
2026-03-01 08:45:28.214000+00:00,climacoupler-longruns,1064,failed,GPU CMIP: ClimaAtmos + Bucket + ClimaOcean + ClimaSeaIce,failed,64b196a543501ea0a7927ae619244e527ee392ea,0.8821666666666668,,,,2.833333333333333,2048.0,1.5,cmip_edonly_bucket,186days,,16.0,63.0,Float64,186.0,0.015,AssertionError: minimum((ice_fraction .+ land_fraction) .+ ocean_fraction) ≈ FT(1)
2026-03-02 18:41:05.259000+00:00,climacoupler-longruns,1064,failed,GPU AMIP + ED only,canceled,64b196a543501ea0a7927ae619244e527ee392ea,0.10757583333333334,,,,,,,amip_edonly,366days,120secs,16.0,63.0,Float32,366.0,,
2026-03-07 23:10:39.221000+00:00,climacoupler-amip,265,failed,Current AMIP: diagedmf + 0M + integrated land,passed,c056e8ff776ecb276619dff9c880fcbf551f8002,73.24958166666667,0.9940088242466467,0.3305223,,1098.0,790560.0,100.0,amip,1098days,120secs,16.0,63.0,Float32,1098.0,1.0,
2026-03-08 05:15:05.757000+00:00,climacoupler-cpu-gpu-benchmarks,303,failed,GPU AMIP with prognostic EDMF + 1M + integrated land (16 helems),passed,c056e8ff776ecb276619dff9c880fcbf551f8002,0.8374191666666666,0.10533935903779086,0.77972305,,0.01388888888888889,40.0,100.0,gpu_amip_progedmf_1M_land_he16,1200secs,30secs,16.0,63.0,Float32,0.013888888888888888,1.0,
2026-03-08 05:15:05.781000+00:00,climacoupler-cpu-gpu-benchmarks,303,failed,GPU AMIP with prognostic EDMF + 1M + integrated land (30 helems),passed,c056e8ff776ecb276619dff9c880fcbf551f8002,0.8618130555555555,0.03303513751424961,2.4863079,,0.01388888888888889,40.0,100.0,gpu_amip_progedmf_1M_land_he30,1200secs,30secs,30.0,63.0,Float32,0.013888888888888888,1.0,
2026-03-08 06:05:21.938000+00:00,climacoupler-cpu-gpu-benchmarks,303,failed,GPU ClimaAtmos without diagnostic EDMF,passed,c056e8ff776ecb276619dff9c880fcbf551f8002,0.20054694444444446,1.5505888309399114,,,0.4875,351.0,97.5,,,,,,,,0.975,
2026-03-08 06:17:25.854000+00:00,climacoupler-cpu-gpu-benchmarks,303,failed,GPU ClimaAtmos with diagnostic EDMF,passed,c056e8ff776ecb276619dff9c880fcbf551f8002,0.2587905555555555,0.7462336956859307,,,0.4875,351.0,97.5,,,,,,,,0.975,
2026-03-08 06:32:58.899000+00:00,climacoupler-cpu-gpu-benchmarks,303,failed,GPU AMIP with diagnostic EDMF,passed,c056e8ff776ecb276619dff9c880fcbf551f8002,0.4172227777777778,0.707169034362203,0.46458778,,0.5,360.0,100.0,gpu_amip_diagedmf,12hours,120secs,30.0,63.0,Float32,0.5,1.0,
2026-03-08 06:58:02.999000+00:00,climacoupler-cpu-gpu-benchmarks,303,failed,GPU AMIP with diagnostic EDMF and IO,passed,c056e8ff776ecb276619dff9c880fcbf551f8002,0.43974444444444444,0.6743520671447257,0.48719668,,0.5,360.0,100.0,gpu_amip_diagedmf_io,12hours,120secs,30.0,63.0,Float32,0.5,1.0,
2026-03-08 08:37:05.979000+00:00,climacoupler-longruns,1067,failed,GPU AMIP + diag. EDMF + integrated land + 2K SST,passed,c056e8ff776ecb276619dff9c880fcbf551f8002,20.33502222222222,1.2144541650541159,0.27052656,,366.0,263520.0,100.0,amip_diagedmf_land_p2k,366days,120secs,16.0,63.0,Float32,366.0,1.0,
2026-03-08 08:37:05.990000+00:00,climacoupler-longruns,1067,failed,GPU AMIP + ED only,passed,c056e8ff776ecb276619dff9c880fcbf551f8002,11.165994166666666,2.238111817359685,0.14679432,,366.0,263520.0,100.0,amip_edonly,366days,120secs,16.0,63.0,Float32,366.0,1.0,
2026-03-08 08:37:06.028000+00:00,climacoupler-longruns,1067,failed,GPU AMIP + diag. EDMF + 1M + integrated land,failed,c056e8ff776ecb276619dff9c880fcbf551f8002,0.8217952777777778,,,,1.4166666666666665,1024.0,1.1,amip_diagedmf_1m_land,124days,120secs,16.0,63.0,Float32,124.0,0.011000000000000001,Found NaN
2026-03-08 08:37:06.029000+00:00,climacoupler-longruns,1067,failed,GPU AMIP + diag. EDMF + integrated land,passed,c056e8ff776ecb276619dff9c880fcbf551f8002,20.36055277777778,1.213762354675492,0.27068076,,366.0,263520.0,100.0,amip_diagedmf_land,366days,120secs,16.0,63.0,Float32,366.0,1.0,
2026-03-08 08:37:08.278000+00:00,climacoupler-longruns,1067,failed,"Slabplanet: evolving slab ocean, bucket",passed,c056e8ff776ecb276619dff9c880fcbf551f8002,21.71118027777778,0.030663380769547662,21.428954421238053,,10.0,3600.0,100.0,slabplanet_evolve_ocean,10days,240secs,8.0,63.0,Float64,10.0,1.0,
2026-03-08 08:37:08.280000+00:00,climacoupler-longruns,1067,failed,Aquaplanet: evolving slab ocean,passed,c056e8ff776ecb276619dff9c880fcbf551f8002,21.480117222222223,0.03096887432294868,21.217567744294445,,10.0,3600.0,100.0,slabplanet_aqua_evolve_ocean,10days,240secs,8.0,63.0,Float64,10.0,1.0,
2026-03-08 09:26:25.839000+00:00,climacoupler-longruns,1067,failed,GPU AMIP + prog. EDMF + bucket,passed,c056e8ff776ecb276619dff9c880fcbf551f8002,11.813121944444445,1.085585734705006,0.3026404,,186.0,133920.0,100.0,amip_progedmf,186days,120secs,16.0,63.0,Float32,186.0,1.0,
2026-03-08 10:09:22.886000+00:00,climacoupler-longruns,1067,failed,GPU CMIP: ClimaAtmos + ClimaLand + ClimaOcean + ClimaSeaIce,failed,c056e8ff776ecb276619dff9c880fcbf551f8002,2.1132488888888887,,,,18.0,13392.0,10.0,cmip_edonly_land,186days,,16.0,63.0,Float64,186.0,0.1,AssertionError: minimum((ice_fraction .+ land_fraction) .+ ocean_fraction) ≈ FT(1)
2026-03-08 12:16:11.898000+00:00,climacoupler-longruns,1067,failed,GPU CMIP: ClimaAtmos + Bucket + ClimaOcean + ClimaSeaIce,failed,c056e8ff776ecb276619dff9c880fcbf551f8002,1.984990277777778,,,,18.0,13392.0,10.0,cmip_edonly_bucket,186days,,16.0,63.0,Float64,186.0,0.1,AssertionError: minimum((ice_fraction .+ land_fraction) .+ ocean_fraction) ≈ FT(1)
2026-03-14 15:16:04.818000+00:00,climacoupler-amip,266,failed,Current AMIP: diagedmf + 0M + integrated land,passed,d3cdfc3150dce311c3f2129117a57ed8d049135a,73.22644055555556,0.9939202079550256,0.33055177,,1098.0,790560.0,100.0,amip,1098days,120secs,16.0,63.0,Float32,1098.0,1.0,Method overwriting is not permitted during Module precompilation. Use `__precompile__(false)` to opt-out of precompilation.
2026-03-15 05:16:05.454000+00:00,climacoupler-cpu-gpu-benchmarks,304,failed,GPU ClimaAtmos without diagnostic EDMF,passed,d3cdfc3150dce311c3f2129117a57ed8d049135a,0.21499555555555558,1.5443573448193837,,,0.4875,351.0,97.5,,,,,,,,0.975,
2026-03-15 05:16:05.455000+00:00,climacoupler-cpu-gpu-benchmarks,304,failed,GPU AMIP with prognostic EDMF + 1M + integrated land (30 helems),passed,d3cdfc3150dce311c3f2129117a57ed8d049135a,0.8619186111111111,0.03265096298031696,2.515562,,0.01388888888888889,40.0,100.0,gpu_amip_progedmf_1M_land_he30,1200secs,30secs,30.0,63.0,Float32,0.013888888888888888,1.0,Method overwriting is not permitted during Module precompilation. Use `__precompile__(false)` to opt-out of precompilation.
2026-03-15 05:16:05.641000+00:00,climacoupler-cpu-gpu-benchmarks,304,failed,GPU AMIP with prognostic EDMF + 1M + integrated land (16 helems),passed,d3cdfc3150dce311c3f2129117a57ed8d049135a,0.8705191666666667,0.1047528396835825,0.78408873,,0.01388888888888889,40.0,100.0,gpu_amip_progedmf_1M_land_he16,1200secs,30secs,16.0,63.0,Float32,0.013888888888888888,1.0,Method overwriting is not permitted during Module precompilation. Use `__precompile__(false)` to opt-out of precompilation.
2026-03-15 05:29:00.878000+00:00,climacoupler-cpu-gpu-benchmarks,304,failed,GPU ClimaAtmos with diagnostic EDMF,passed,d3cdfc3150dce311c3f2129117a57ed8d049135a,0.2766336111111111,0.741871319885508,,,0.4875,351.0,97.5,,,,,,,,0.975,
2026-03-15 05:45:37.964000+00:00,climacoupler-cpu-gpu-benchmarks,304,failed,GPU AMIP with diagnostic EDMF,passed,d3cdfc3150dce311c3f2129117a57ed8d049135a,0.471595,0.7024987416304888,0.46767643,,0.5,360.0,100.0,gpu_amip_diagedmf,12hours,120secs,30.0,63.0,Float32,0.5,1.0,Method overwriting is not permitted during Module precompilation. Use `__precompile__(false)` to opt-out of precompilation.
2026-03-15 06:07:49.970000+00:00,climacoupler-cpu-gpu-benchmarks,304,failed,GPU AMIP with diagnostic EDMF and IO,passed,d3cdfc3150dce311c3f2129117a57ed8d049135a,0.4801586111111111,0.6668765755852115,0.49265802,,0.5,360.0,100.0,gpu_amip_diagedmf_io,12hours,120secs,30.0,63.0,Float32,0.5,1.0,Method overwriting is not permitted during Module precompilation. Use `__precompile__(false)` to opt-out of precompilation.
2026-03-21 20:24:05.827000+00:00,climacoupler-amip,267,passed,Current AMIP: diagedmf + 0M + integrated land,passed,3340e9b27d56329947af854b022b517e2fe810f7,71.54916333333334,1.0156871115591548,0.32346782,,1098.0,790560.0,100.0,amip,1098days,120secs,16.0,63.0,Float32,1098.0,1.0,
2026-03-22 05:18:05.947000+00:00,climacoupler-cpu-gpu-benchmarks,305,failed,GPU AMIP with prognostic EDMF + 1M + integrated land (16 helems),passed,3340e9b27d56329947af854b022b517e2fe810f7,0.6802994444444445,0.12363439448531029,0.66434205,,0.01388888888888889,40.0,100.0,gpu_amip_progedmf_1M_land_he16,1200secs,30secs,16.0,63.0,Float32,0.013888888888888888,1.0,
2026-03-22 05:18:06.058000+00:00,climacoupler-cpu-gpu-benchmarks,305,failed,GPU AMIP with prognostic EDMF + 1M + integrated land (30 helems),passed,3340e9b27d56329947af854b022b517e2fe810f7,0.6881041666666667,0.0388211413758469,2.1157422,,0.01388888888888889,40.0,100.0,gpu_amip_progedmf_1M_land_he30,1200secs,30secs,30.0,63.0,Float32,0.013888888888888888,1.0,
2026-03-22 05:59:25.016000+00:00,climacoupler-cpu-gpu-benchmarks,305,failed,GPU ClimaAtmos without diagnostic EDMF,passed,3340e9b27d56329947af854b022b517e2fe810f7,0.16472083333333334,1.5970321650157113,,,0.4875,351.0,97.5,,,,,,,,0.975,
2026-03-22 06:09:20.218000+00:00,climacoupler-cpu-gpu-benchmarks,305,failed,GPU ClimaAtmos with diagnostic EDMF,passed,3340e9b27d56329947af854b022b517e2fe810f7,0.2136963888888889,0.7641731310748029,,,0.4875,351.0,97.5,,,,,,,,0.975,
2026-03-22 06:22:11.034000+00:00,climacoupler-cpu-gpu-benchmarks,305,failed,GPU AMIP with diagnostic EDMF,passed,3340e9b27d56329947af854b022b517e2fe810f7,0.3632013888888889,0.7216577560051922,0.45526025,,0.5,360.0,100.0,gpu_amip_diagedmf,12hours,120secs,30.0,63.0,Float32,0.5,1.0,
2026-03-22 06:43:59.939000+00:00,climacoupler-cpu-gpu-benchmarks,305,failed,GPU AMIP with diagnostic EDMF and IO,passed,3340e9b27d56329947af854b022b517e2fe810f7,0.3784688888888889,0.6982203989551612,0.4705421,,0.5,360.0,100.0,gpu_amip_diagedmf_io,12hours,120secs,30.0,63.0,Float32,0.5,1.0,
2026-03-22 09:09:04.892000+00:00,climacoupler-longruns,1074,failed,GPU AMIP + ED only,passed,3340e9b27d56329947af854b022b517e2fe810f7,10.750546666666667,2.3098365998243513,0.14223607,,366.0,263520.0,100.0,amip_edonly,366days,120secs,16.0,63.0,Float32,366.0,1.0,
2026-03-22 09:34:57.939000+00:00,climacoupler-longruns,1074,failed,GPU AMIP + diag. EDMF + integrated land,passed,3340e9b27d56329947af854b022b517e2fe810f7,24.467289722222223,1.002241707161121,0.32780725,,366.0,263520.0,100.0,amip_diagedmf_land,366days,120secs,16.0,63.0,Float32,366.0,1.0,
2026-03-22 10:03:13.320000+00:00,climacoupler-longruns,1074,failed,GPU AMIP + diag. EDMF + integrated land + 2K SST,passed,3340e9b27d56329947af854b022b517e2fe810f7,24.61145,0.9954465115177297,0.33004496,,366.0,263520.0,100.0,amip_diagedmf_land_p2k,366days,120secs,16.0,63.0,Float32,366.0,1.0,
2026-03-22 10:26:16.943000+00:00,climacoupler-longruns,1074,failed,GPU AMIP + diag. EDMF + 1M + integrated land,passed,3340e9b27d56329947af854b022b517e2fe810f7,11.025563611111112,0.7731366089918511,0.42494702,,124.0,89280.0,100.0,amip_diagedmf_1m_land,124days,120secs,16.0,63.0,Float32,124.0,1.0,
2026-03-22 10:35:05.938000+00:00,climacoupler-longruns,1074,failed,GPU AMIP + prog. EDMF + bucket,passed,3340e9b27d56329947af854b022b517e2fe810f7,11.267689444444445,1.123500099409043,0.2924273,,186.0,133920.0,100.0,amip_progedmf,186days,120secs,16.0,63.0,Float32,186.0,1.0,
2026-03-22 10:45:15.982000+00:00,climacoupler-longruns,1074,failed,GPU AMIP + prog. EDMF + 1M + integrated land,failed,3340e9b27d56329947af854b022b517e2fe810f7,0.0006913888888888888,,,,,,,,,,,,,,,"SystemError: opening file ""/scratch/clima/slurm-buildkite/climacoupler-longruns/1074/climacoupler-longruns/experiments/AMIP/run_amip.jl"": No such file or direct"
2026-03-22 10:45:19.816000+00:00,climacoupler-longruns,1074,failed,GPU CMIP: ED only + bucket,failed,3340e9b27d56329947af854b022b517e2fe810f7,0.0006930555555555556,,,,,,,,,,,,,,,"SystemError: opening file ""/scratch/clima/slurm-buildkite/climacoupler-longruns/1074/climacoupler-longruns/experiments/CMIP/run_amip.jl"": No such file or direct"
2026-03-22 10:45:23.844000+00:00,climacoupler-longruns,1074,failed,GPU CMIP: ED only + integrated land,failed,3340e9b27d56329947af854b022b517e2fe810f7,0.014817222222222221,,,,,,,,,,,,,,,AssertionError: Coupler dt must be divisible by all component dt's
2026-03-22 10:46:18.812000+00:00,climacoupler-longruns,1074,failed,GPU CMIP: diag. EDMF + integrated land,failed,3340e9b27d56329947af854b022b517e2fe810f7,0.0006936111111111111,,,,,,,,,,,,,,,"SystemError: opening file ""/scratch/clima/slurm-buildkite/climacoupler-longruns/1074/climacoupler-longruns/experiments/CMIP/run_amip.jl"": No such file or direct"
2026-03-22 10:46:22.886000+00:00,climacoupler-longruns,1074,failed,GPU CMIP: prog. EDMF + integrated land,failed,3340e9b27d56329947af854b022b517e2fe810f7,0.0006894444444444445,,,,,,,,,,,,,,,"SystemError: opening file ""/scratch/clima/slurm-buildkite/climacoupler-longruns/1074/climacoupler-longruns/experiments/CMIP/run_amip.jl"": No such file or direct"
2026-03-28 15:13:05.208000+00:00,climacoupler-amip,269,passed,Current AMIP: diagedmf + 0M + integrated land,passed,337c4ae64253b28089cec31feac757d60b614e96,81.28239944444444,0.8937358640852857,0.36760536,,1098.0,790560.0,100.0,amip,1098days,120secs,16.0,63.0,Float32,1098.0,1.0,
2026-03-29 05:12:04.875000+00:00,climacoupler-cpu-gpu-benchmarks,306,failed,GPU AMIP with prognostic EDMF + 1M + integrated land (30 helems),passed,337c4ae64253b28089cec31feac757d60b614e96,0.7694919444444444,0.04127316802200344,1.9900465,,0.01388888888888889,40.0,100.0,gpu_amip_progedmf_1M_land_he30,1200secs,30secs,30.0,63.0,Float32,0.013888888888888888,1.0,
2026-03-29 05:12:04.883000+00:00,climacoupler-cpu-gpu-benchmarks,306,failed,GPU AMIP with prognostic EDMF + 1M + integrated land (16 helems),passed,337c4ae64253b28089cec31feac757d60b614e96,0.7086574999999999,0.13056867731385532,0.6290599,,0.01388888888888889,40.0,100.0,gpu_amip_progedmf_1M_land_he16,1200secs,30secs,16.0,63.0,Float32,0.013888888888888888,1.0,
2026-03-29 05:12:05.886000+00:00,climacoupler-cpu-gpu-benchmarks,306,failed,GPU ClimaAtmos without diagnostic EDMF,passed,337c4ae64253b28089cec31feac757d60b614e96,0.18035694444444444,1.1997779417949448,,,0.4875,351.0,97.5,,,,,,,,0.975,
2026-03-29 05:22:56.830000+00:00,climacoupler-cpu-gpu-benchmarks,306,failed,GPU ClimaAtmos with diagnostic EDMF,passed,337c4ae64253b28089cec31feac757d60b614e96,0.22910222222222223,0.6629338240494979,,,0.4875,351.0,97.5,,,,,,,,0.975,
2026-03-29 05:36:42.886000+00:00,climacoupler-cpu-gpu-benchmarks,306,failed,GPU AMIP with diagnostic EDMF,passed,337c4ae64253b28089cec31feac757d60b614e96,0.36856333333333335,0.6283004534779959,0.522906,,0.5,360.0,100.0,gpu_amip_diagedmf,12hours,120secs,30.0,63.0,Float32,0.5,1.0,
2026-03-29 05:54:37.847000+00:00,climacoupler-cpu-gpu-benchmarks,306,failed,GPU AMIP with diagnostic EDMF and IO,passed,337c4ae64253b28089cec31feac757d60b614e96,0.3741022222222222,0.6122534481799362,0.53661126,,0.5,360.0,100.0,gpu_amip_diagedmf_io,12hours,120secs,30.0,63.0,Float32,0.5,1.0,
2026-03-29 08:33:06.003000+00:00,climacoupler-longruns,1076,failed,GPU AMIP + diag. EDMF + 1M + integrated land,failed,337c4ae64253b28089cec31feac757d60b614e96,0.6872255555555556,,,,0.711111111111111,512.0,0.6,amip_diagedmf_1m_land,124days,120secs,16.0,63.0,Float32,124.0,0.006,Found NaN
2026-03-29 08:33:06.023000+00:00,climacoupler-longruns,1076,failed,GPU AMIP + diag. EDMF + integrated land,passed,337c4ae64253b28089cec31feac757d60b614e96,27.745341111111113,0.8834039719203081,0.3719047,,366.0,263520.0,100.0,amip_diagedmf_land,366days,120secs,16.0,63.0,Float32,366.0,1.0,
2026-03-29 08:33:06.087000+00:00,climacoupler-longruns,1076,failed,GPU AMIP + ED only,passed,337c4ae64253b28089cec31feac757d60b614e96,13.308539166666668,1.8620982147383527,0.1764365,,366.0,263520.0,100.0,amip_edonly,366days,120secs,16.0,63.0,Float32,366.0,1.0,
2026-03-29 08:33:06.094000+00:00,climacoupler-longruns,1076,failed,GPU AMIP + diag. EDMF + integrated land + 2K SST,passed,337c4ae64253b28089cec31feac757d60b614e96,27.46208361111111,0.8923047167226292,0.36819497,,366.0,263520.0,100.0,amip_diagedmf_land_p2k,366days,120secs,16.0,63.0,Float32,366.0,1.0,
2026-03-29 08:33:06.121000+00:00,climacoupler-longruns,1076,failed,GPU AMIP + prog. EDMF + 1M + integrated land,failed,337c4ae64253b28089cec31feac757d60b614e96,0.9957625,,,,0.711111111111111,512.0,0.4,amip_progedmf_1m_land,186days,120secs,16.0,63.0,Float32,186.0,0.004,Found NaN
2026-03-29 08:33:06.223000+00:00,climacoupler-longruns,1076,failed,GPU AMIP + prog. EDMF + bucket,passed,337c4ae64253b28089cec31feac757d60b614e96,14.766903888888889,0.854222093152749,0.3846097,,186.0,133920.0,100.0,amip_progedmf,186days,120secs,16.0,63.0,Float32,186.0,1.0,
2026-03-29 09:14:22.693000+00:00,climacoupler-longruns,1076,failed,GPU CMIP: ED only + bucket,passed,337c4ae64253b28089cec31feac757d60b614e96,12.1345925,1.0592485154421138,4.652479,,176.0,127395.0,95.1,cmip_edonly_bucket,186days,,16.0,63.0,Float64,186.0,0.951,
2026-03-29 09:32:53.388000+00:00,climacoupler-longruns,1076,failed,GPU CMIP: ED only + integrated land,passed,337c4ae64253b28089cec31feac757d60b614e96,12.507225,1.033322355046368,4.7692103,,176.0,127395.0,95.1,cmip_edonly_land,186days,,16.0,63.0,Float64,186.0,0.951,
2026-03-29 21:22:28.856000+00:00,climacoupler-longruns,1076,failed,GPU CMIP: diag. EDMF + integrated land,passed,337c4ae64253b28089cec31feac757d60b614e96,18.62156472222222,0.6812209785259867,7.2342625,,176.0,127395.0,95.1,cmip_diagedmf_land,186days,,16.0,63.0,Float64,186.0,0.951,
2026-03-29 21:51:39.040000+00:00,climacoupler-longruns,1076,failed,GPU CMIP: prog. EDMF + integrated land,failed,337c4ae64253b28089cec31feac757d60b614e96,2.953440555555556,,,,10.0,7680.0,5.7,cmip_progedmf_land,186days,,16.0,63.0,Float64,186.0,0.057,AssertionError: minimum((ice_fraction .+ land_fraction) .+ ocean_fraction) ≈ FT(1)
2026-04-04 15:20:06.001000+00:00,climacoupler-amip,270,passed,Current AMIP: diagedmf + 0M + integrated land,passed,4609580a6426dd5b26f96d852685534cce17d50d,74.37167694444445,0.9773145250342373,0.33616823,,1098.0,790560.0,100.0,amip,1098days,120secs,16.0,63.0,Float32,1098.0,1.0,
2026-04-05 05:12:04.895000+00:00,climacoupler-cpu-gpu-benchmarks,307,failed,GPU AMIP with prognostic EDMF + 1M + integrated land (16 helems),passed,4609580a6426dd5b26f96d852685534cce17d50d,0.7441344444444444,0.1224949804763111,0.67052156,,0.01388888888888889,40.0,100.0,gpu_amip_progedmf_1M_land_he16,1200secs,30secs,16.0,63.0,Float32,0.013888888888888888,1.0,
2026-04-05 05:12:04.931000+00:00,climacoupler-cpu-gpu-benchmarks,307,failed,GPU AMIP with prognostic EDMF + 1M + integrated land (30 helems),passed,4609580a6426dd5b26f96d852685534cce17d50d,0.7310755555555555,0.037810118052727056,2.172316,,0.01388888888888889,40.0,100.0,gpu_amip_progedmf_1M_land_he30,1200secs,30secs,30.0,63.0,Float32,0.013888888888888888,1.0,
2026-04-05 05:12:04.937000+00:00,climacoupler-cpu-gpu-benchmarks,307,failed,GPU ClimaAtmos with diagnostic EDMF,passed,4609580a6426dd5b26f96d852685534cce17d50d,0.22710055555555556,0.7299898452015047,,,0.4875,351.0,97.5,,,,,,,,0.975,
2026-04-05 05:12:05.014000+00:00,climacoupler-cpu-gpu-benchmarks,307,failed,GPU ClimaAtmos without diagnostic EDMF,passed,4609580a6426dd5b26f96d852685534cce17d50d,0.17621805555555556,1.4534679823414247,,,0.4875,351.0,97.5,,,,,,,,0.975,
2026-04-05 05:22:41.059000+00:00,climacoupler-cpu-gpu-benchmarks,307,failed,GPU AMIP with diagnostic EDMF,passed,4609580a6426dd5b26f96d852685534cce17d50d,0.36660055555555554,0.6860848677613423,0.4788651,,0.5,360.0,100.0,gpu_amip_diagedmf,12hours,120secs,30.0,63.0,Float32,0.5,1.0,
2026-04-05 05:25:43.813000+00:00,climacoupler-cpu-gpu-benchmarks,307,failed,GPU AMIP with diagnostic EDMF and IO,passed,4609580a6426dd5b26f96d852685534cce17d50d,0.3834163888888889,0.6696943218968849,0.49058515,,0.5,360.0,100.0,gpu_amip_diagedmf_io,12hours,120secs,30.0,63.0,Float32,0.5,1.0,
2026-04-05 08:31:04.916000+00:00,climacoupler-longruns,1079,failed,GPU AMIP + prog. EDMF + 1M + integrated land,failed,4609580a6426dd5b26f96d852685534cce17d50d,1.245021388888889,,,,2.833333333333333,2048.0,1.5,amip_progedmf_1m_land,186days,120secs,16.0,63.0,Float32,186.0,0.015,Found NaN
2026-04-05 08:31:04.923000+00:00,climacoupler-longruns,1079,failed,GPU AMIP + prog. EDMF + integrated land,passed,4609580a6426dd5b26f96d852685534cce17d50d,12.886766944444444,0.9926817364258523,0.33096418,,186.0,133920.0,100.0,amip_progedmf_land,186days,120secs,16.0,63.0,Float32,186.0,1.0,
2026-04-05 08:31:04.923000+00:00,climacoupler-longruns,1079,failed,GPU AMIP + ED only,passed,4609580a6426dd5b26f96d852685534cce17d50d,11.652246666666668,2.136045109351064,0.1538086,,366.0,263520.0,100.0,amip_edonly,366days,120secs,16.0,63.0,Float32,366.0,1.0,
2026-04-05 08:31:04.948000+00:00,climacoupler-longruns,1079,failed,GPU AMIP + diag. EDMF + integrated land + 2K SST,passed,4609580a6426dd5b26f96d852685534cce17d50d,25.71073861111111,0.9543211918804001,0.34426785,,366.0,263520.0,100.0,amip_diagedmf_land_p2k,366days,120secs,16.0,63.0,Float32,366.0,1.0,
2026-04-05 08:31:04.971000+00:00,climacoupler-longruns,1079,failed,GPU AMIP + diag. EDMF + integrated land,passed,4609580a6426dd5b26f96d852685534cce17d50d,25.63492388888889,0.9563964244502564,0.34352082,,366.0,263520.0,100.0,amip_diagedmf_land,366days,120secs,16.0,63.0,Float32,366.0,1.0,
2026-04-05 08:31:05.065000+00:00,climacoupler-longruns,1079,failed,GPU AMIP + diag. EDMF + 1M + integrated land,passed,4609580a6426dd5b26f96d852685534cce17d50d,11.310111111111112,0.7609091992566602,0.4317757,,124.0,89280.0,100.0,amip_diagedmf_1m_land,124days,120secs,16.0,63.0,Float32,124.0,1.0,
2026-04-05 08:31:05.141000+00:00,climacoupler-longruns,1079,failed,GPU CMIP: ED only + bucket,passed,4609580a6426dd5b26f96d852685534cce17d50d,19.74959527777778,1.2560708698162608,3.9234502,,347.0,250515.0,95.1,cmip_edonly_bucket,366days,,16.0,63.0,Float64,366.0,0.951,
2026-04-05 09:45:49.050000+00:00,climacoupler-longruns,1079,failed,GPU CMIP: ED only + integrated land,passed,4609580a6426dd5b26f96d852685534cce17d50d,20.337103888888887,1.2238642943510376,4.0266976,,347.0,250515.0,95.1,cmip_edonly_land,366days,,16.0,63.0,Float64,366.0,0.951,
2026-04-05 19:49:42.905000+00:00,climacoupler-longruns,1079,failed,GPU CMIP: diag. EDMF + integrated land,failed,4609580a6426dd5b26f96d852685534cce17d50d,6.822824722222222,,,,65.0,46935.0,35.0,cmip_diagedmf_land,186days,,16.0,63.0,Float64,186.0,0.35,AssertionError: minimum((ice_fraction .+ land_fraction) .+ ocean_fraction) ≈ FT(1)
2026-04-05 20:10:14.850000+00:00,climacoupler-longruns,1079,failed,GPU CMIP: prog. EDMF + integrated land,failed,4609580a6426dd5b26f96d852685534cce17d50d,1.9522366666666666,,,,5.333333333333333,3840.0,2.9,cmip_progedmf_land,186days,,16.0,63.0,Float64,186.0,0.028999999999999998,AssertionError: minimum((ice_fraction .+ land_fraction) .+ ocean_fraction) ≈ FT(1)
2026-04-11 15:27:10.298000+00:00,climacoupler-amip,271,failed,Current AMIP: diagedmf + 0M + integrated land,failed,d3817a2814de5c9fc03b1d65c85342c002d7bd6c,0.0001866666666666667,,,,,,,,,,,,,,,
2026-04-12 05:12:04.558000+00:00,climacoupler-cpu-gpu-benchmarks,308,failed,GPU AMIP with prognostic EDMF + 1M + integrated land (16 helems),passed,d3817a2814de5c9fc03b1d65c85342c002d7bd6c,0.6376391666666668,0.14632005665734085,0.5613415,,0.01388888888888889,40.0,100.0,gpu_amip_progedmf_1M_land_he16,1200secs,30secs,16.0,63.0,Float32,0.013888888888888888,1.0,
2026-04-12 05:12:04.566000+00:00,climacoupler-cpu-gpu-benchmarks,308,failed,GPU AMIP with prognostic EDMF + 1M + integrated land (30 helems),passed,d3817a2814de5c9fc03b1d65c85342c002d7bd6c,0.6530783333333333,0.045588963586053154,1.8016536,,0.01388888888888889,40.0,100.0,gpu_amip_progedmf_1M_land_he30,1200secs,30secs,30.0,63.0,Float32,0.013888888888888888,1.0,
2026-04-12 05:12:04.582000+00:00,climacoupler-cpu-gpu-benchmarks,308,failed,GPU ClimaAtmos with diagnostic EDMF,passed,d3817a2814de5c9fc03b1d65c85342c002d7bd6c,0.20716916666666665,0.750159535957831,,,0.4875,351.0,97.5,,,,,,,,0.975,
2026-04-12 05:12:04.624000+00:00,climacoupler-cpu-gpu-benchmarks,308,failed,GPU ClimaAtmos without diagnostic EDMF,passed,d3817a2814de5c9fc03b1d65c85342c002d7bd6c,0.15760055555555555,1.4980602288078486,,,0.4875,351.0,97.5,,,,,,,,0.975,
2026-04-12 05:21:33.964000+00:00,climacoupler-cpu-gpu-benchmarks,308,failed,GPU AMIP with diagnostic EDMF,passed,d3817a2814de5c9fc03b1d65c85342c002d7bd6c,0.35218222222222223,0.7099548344391511,0.46276477,,0.5,360.0,100.0,gpu_amip_diagedmf,12hours,120secs,30.0,63.0,Float32,0.5,1.0,
2026-04-12 05:24:31.835000+00:00,climacoupler-cpu-gpu-benchmarks,308,failed,GPU AMIP with diagnostic EDMF and IO,passed,d3817a2814de5c9fc03b1d65c85342c002d7bd6c,0.3627077777777778,0.6873217962872791,0.47800332,,0.5,360.0,100.0,gpu_amip_diagedmf_io,12hours,120secs,30.0,63.0,Float32,0.5,1.0,
2026-04-12 08:31:04.057000+00:00,climacoupler-longruns,1085,failed,GPU AMIP + diag. EDMF + integrated land + 2K SST,passed,d3817a2814de5c9fc03b1d65c85342c002d7bd6c,24.61852527777778,0.9962772645328299,0.32976973,,366.0,263520.0,100.0,amip_diagedmf_land_p2k,366days,120secs,16.0,63.0,Float32,366.0,1.0,
2026-04-12 08:31:04.089000+00:00,climacoupler-longruns,1085,failed,GPU AMIP + diag. EDMF + integrated land,passed,d3817a2814de5c9fc03b1d65c85342c002d7bd6c,24.640069444444446,0.9958385816640893,0.32991502,,366.0,263520.0,100.0,amip_diagedmf_land,366days,120secs,16.0,63.0,Float32,366.0,1.0,
2026-04-12 08:31:04.096000+00:00,climacoupler-longruns,1085,failed,GPU AMIP + ED only,passed,d3817a2814de5c9fc03b1d65c85342c002d7bd6c,11.244641666666666,2.210781193915212,0.14860906,,366.0,263520.0,100.0,amip_edonly,366days,120secs,16.0,63.0,Float32,366.0,1.0,
2026-04-12 08:31:04.110000+00:00,climacoupler-longruns,1085,failed,GPU CMIP: ED only + bucket,failed,d3817a2814de5c9fc03b1d65c85342c002d7bd6c,0.24784694444444444,,,,,,,cmip_edonly_bucket,366days,,16.0,63.0,Float64,366.0,,RequestError: Operation too slow. Less than 1 bytes/sec transferred the last 20 seconds while requesting https://ecco.jpl.nasa.gov/drive/files/Version4/Release4
2026-04-12 08:31:04.148000+00:00,climacoupler-longruns,1085,failed,GPU AMIP + diag. EDMF + 1M + integrated land,passed,d3817a2814de5c9fc03b1d65c85342c002d7bd6c,10.910195555555555,0.7887757630438033,0.41652155,,124.0,89280.0,100.0,amip_diagedmf_1m_land,124days,120secs,16.0,63.0,Float32,124.0,1.0,
2026-04-12 08:31:04.174000+00:00,climacoupler-longruns,1085,failed,GPU AMIP + prog. EDMF + 1M + integrated land,failed,d3817a2814de5c9fc03b1d65c85342c002d7bd6c,1.2333883333333335,,,,2.833333333333333,2048.0,1.5,amip_progedmf_1m_land,186days,120secs,16.0,63.0,Float32,186.0,0.015,Found NaN
2026-04-12 08:31:04.237000+00:00,climacoupler-longruns,1085,failed,GPU AMIP + prog. EDMF + integrated land,passed,d3817a2814de5c9fc03b1d65c85342c002d7bd6c,11.486762500000001,1.1155458530945466,0.29451242,,186.0,133920.0,100.0,amip_progedmf_land,186days,120secs,16.0,63.0,Float32,186.0,1.0,
2026-04-12 08:45:57.792000+00:00,climacoupler-longruns,1085,failed,GPU CMIP: ED only + integrated land,failed,d3817a2814de5c9fc03b1d65c85342c002d7bd6c,0.293945,,,,,,,cmip_edonly_land,366days,,16.0,63.0,Float64,366.0,,RequestError: Operation too slow. Less than 1 bytes/sec transferred the last 20 seconds while requesting https://ecco.jpl.nasa.gov/drive/files/Version4/Release4
2026-04-12 09:03:37.803000+00:00,climacoupler-longruns,1085,failed,GPU CMIP: diag. EDMF + integrated land,failed,d3817a2814de5c9fc03b1d65c85342c002d7bd6c,0.3009833333333333,,,,,,,cmip_diagedmf_land,186days,,16.0,63.0,Float64,186.0,,RequestError: Operation too slow. Less than 1 bytes/sec transferred the last 20 seconds while requesting https://ecco.jpl.nasa.gov/drive/files/Version4/Release4
2026-04-12 09:21:42.932000+00:00,climacoupler-longruns,1085,failed,GPU CMIP: prog. EDMF + integrated land,failed,d3817a2814de5c9fc03b1d65c85342c002d7bd6c,0.31140249999999997,,,,,,,cmip_progedmf_land,186days,,16.0,63.0,Float64,186.0,,RequestError: Operation too slow. Less than 1 bytes/sec transferred the last 20 seconds while requesting https://ecco.jpl.nasa.gov/drive/files/Version4/Release4
2026-04-18 15:26:08.871000+00:00,climacoupler-amip,274,passed,Current AMIP: diagedmf + 0M + integrated land,passed,18e1bb17a115c414f9d795e068b7327a88c95b4f,66.65019583333333,1.0910216927819085,0.3011325,,1098.0,790560.0,100.0,amip,1098days,120secs,16.0,63.0,Float32,1098.0,1.0,
2026-04-19 05:14:03.877000+00:00,climacoupler-cpu-gpu-benchmarks,309,failed,GPU AMIP with prognostic EDMF + 1M + integrated land (30 helems),passed,18e1bb17a115c414f9d795e068b7327a88c95b4f,0.629918611111111,0.045585706035007625,1.8017824,,0.01388888888888889,40.0,100.0,gpu_amip_progedmf_1M_land_he30,1200secs,30secs,30.0,63.0,Float32,0.013888888888888888,1.0,
2026-04-19 05:14:03.899000+00:00,climacoupler-cpu-gpu-benchmarks,309,failed,GPU ClimaAtmos with diagnostic EDMF,passed,18e1bb17a115c414f9d795e068b7327a88c95b4f,0.23675305555555556,0.7486272275218593,,,0.4875,351.0,97.5,,,,,,,,0.975,
2026-04-19 05:14:04.003000+00:00,climacoupler-cpu-gpu-benchmarks,309,failed,GPU AMIP with prognostic EDMF + 1M + integrated land (16 helems),passed,18e1bb17a115c414f9d795e068b7327a88c95b4f,0.7451533333333333,0.14650328244145702,0.5606395,,0.01388888888888889,40.0,100.0,gpu_amip_progedmf_1M_land_he16,1200secs,30secs,16.0,63.0,Float32,0.013888888888888888,1.0,
2026-04-19 05:14:04.024000+00:00,climacoupler-cpu-gpu-benchmarks,309,failed,GPU ClimaAtmos without diagnostic EDMF,passed,18e1bb17a115c414f9d795e068b7327a88c95b4f,0.17894361111111112,1.4996001574578597,,,0.4875,351.0,97.5,,,,,,,,0.975,
2026-04-19 05:24:49.983000+00:00,climacoupler-cpu-gpu-benchmarks,309,failed,GPU AMIP with diagnostic EDMF,passed,18e1bb17a115c414f9d795e068b7327a88c95b4f,0.4030116666666667,0.7043835034294303,0.46642503,,0.5,360.0,100.0,gpu_amip_diagedmf,12hours,120secs,30.0,63.0,Float32,0.5,1.0,
2026-04-19 05:28:17.785000+00:00,climacoupler-cpu-gpu-benchmarks,309,failed,GPU AMIP with diagnostic EDMF and IO,passed,18e1bb17a115c414f9d795e068b7327a88c95b4f,0.41926722222222224,0.6722196854126705,0.48874214,,0.5,360.0,100.0,gpu_amip_diagedmf_io,12hours,120secs,30.0,63.0,Float32,0.5,1.0,
2026-04-19 08:35:03.963000+00:00,climacoupler-longruns,1088,failed,GPU AMIP + prog. EDMF + integrated land,passed,18e1bb17a115c414f9d795e068b7327a88c95b4f,11.378524166666667,1.1247445006257621,0.29210377,,186.0,133920.0,100.0,amip_progedmf_land,186days,120secs,16.0,63.0,Float32,186.0,1.0,
2026-04-19 08:35:04.027000+00:00,climacoupler-longruns,1088,failed,GPU AMIP + diag. EDMF + 1M + integrated land,passed,18e1bb17a115c414f9d795e068b7327a88c95b4f,10.908293888888888,0.7919662950437784,0.41484353,,124.0,89280.0,100.0,amip_diagedmf_1m_land,124days,120secs,16.0,63.0,Float32,124.0,1.0,
2026-04-19 08:35:04.043000+00:00,climacoupler-longruns,1088,failed,GPU CMIP: ED only + integrated land,passed,18e1bb17a115c414f9d795e068b7327a88c95b4f,20.13899111111111,1.2415245344909924,3.9694192,,347.0,250515.0,95.1,cmip_edonly_land,366days,,16.0,63.0,Float64,366.0,0.951,
2026-04-19 08:35:04.060000+00:00,climacoupler-longruns,1088,failed,GPU AMIP + prog. EDMF + 1M + integrated land,failed,18e1bb17a115c414f9d795e068b7327a88c95b4f,1.2181322222222222,,,,2.833333333333333,2048.0,1.5,amip_progedmf_1m_land,186days,120secs,16.0,63.0,Float32,186.0,0.015,Found NaN
2026-04-19 08:35:04.069000+00:00,climacoupler-longruns,1088,failed,GPU AMIP + ED only,passed,18e1bb17a115c414f9d795e068b7327a88c95b4f,11.33432111111111,2.1979569521707956,0.14947613,,366.0,263520.0,100.0,amip_edonly,366days,120secs,16.0,63.0,Float32,366.0,1.0,
2026-04-19 08:35:04.088000+00:00,climacoupler-longruns,1088,failed,GPU AMIP + diag. EDMF + integrated land + 2K SST,passed,18e1bb17a115c414f9d795e068b7327a88c95b4f,24.61265222222222,0.9959884066039544,0.32986537,,366.0,263520.0,100.0,amip_diagedmf_land_p2k,366days,120secs,16.0,63.0,Float32,366.0,1.0,
2026-04-19 08:35:04.098000+00:00,climacoupler-longruns,1088,failed,GPU AMIP + diag. EDMF + integrated land,passed,18e1bb17a115c414f9d795e068b7327a88c95b4f,24.52430361111111,1.0019116970191921,0.32791522,,366.0,263520.0,100.0,amip_diagedmf_land,366days,120secs,16.0,63.0,Float32,366.0,1.0,
2026-04-19 08:35:04.354000+00:00,climacoupler-longruns,1088,failed,GPU CMIP: ED only + bucket,failed,18e1bb17a115c414f9d795e068b7327a88c95b4f,1.3249925,,,,10.0,7680.0,2.9,cmip_edonly_bucket,366days,,16.0,63.0,Float64,366.0,0.028999999999999998,AssertionError: minimum((ice_fraction .+ land_fraction) .+ ocean_fraction) ≈ FT(1)
2026-04-19 09:48:10.948000+00:00,climacoupler-longruns,1088,failed,GPU CMIP: diag. EDMF + integrated land,passed,18e1bb17a115c414f9d795e068b7327a88c95b4f,16.775663611111113,0.7636472613958369,6.4534135,,176.0,127395.0,95.1,cmip_diagedmf_land,186days,,16.0,63.0,Float64,186.0,0.951,
2026-04-19 09:54:35.977000+00:00,climacoupler-longruns,1088,failed,GPU CMIP: prog. EDMF + integrated land,failed,18e1bb17a115c414f9d795e068b7327a88c95b4f,1.9357644444444446,,,,5.333333333333333,3840.0,2.9,cmip_progedmf_land,186days,,16.0,63.0,Float64,186.0,0.028999999999999998,AssertionError: minimum((ice_fraction .+ land_fraction) .+ ocean_fraction) ≈ FT(1)
2026-04-26 05:13:04.932000+00:00,climacoupler-cpu-gpu-benchmarks,310,failed,GPU AMIP with diagnostic EDMF,passed,338d35101b8269bef72d7d75a373dd83ca669aef,0.37478805555555555,0.7028794246602041,0.4674231,,0.5,360.0,100.0,gpu_amip_diagedmf,12hours,120secs,30.0,63.0,Float32,0.5,1.0,
2026-04-26 05:13:04.982000+00:00,climacoupler-cpu-gpu-benchmarks,310,failed,GPU AMIP with prognostic EDMF + 1M + integrated land (16 helems),passed,338d35101b8269bef72d7d75a373dd83ca669aef,0.6779619444444445,0.14600296532599585,0.5625607,,0.01388888888888889,40.0,100.0,gpu_amip_progedmf_1M_land_he16,1200secs,30secs,16.0,63.0,Float32,0.013888888888888888,1.0,
2026-04-26 05:13:05.024000+00:00,climacoupler-cpu-gpu-benchmarks,310,failed,GPU ClimaAtmos without diagnostic EDMF,passed,338d35101b8269bef72d7d75a373dd83ca669aef,0.16864805555555556,1.5017330938231297,,,0.4875,351.0,97.5,,,,,,,,0.975,
2026-04-26 05:13:05.025000+00:00,climacoupler-cpu-gpu-benchmarks,310,failed,GPU ClimaAtmos with diagnostic EDMF,passed,338d35101b8269bef72d7d75a373dd83ca669aef,0.22628416666666668,0.74936248060714,,,0.4875,351.0,97.5,,,,,,,,0.975,
2026-04-26 05:13:05.027000+00:00,climacoupler-cpu-gpu-benchmarks,310,failed,GPU AMIP with prognostic EDMF + 1M + integrated land (30 helems),passed,338d35101b8269bef72d7d75a373dd83ca669aef,0.7039502777777777,0.045707521419181996,1.7969805,,0.01388888888888889,40.0,100.0,gpu_amip_progedmf_1M_land_he30,1200secs,30secs,30.0,63.0,Float32,0.013888888888888888,1.0,
2026-04-26 05:23:13.912000+00:00,climacoupler-cpu-gpu-benchmarks,310,failed,GPU AMIP with diagnostic EDMF and IO,passed,338d35101b8269bef72d7d75a373dd83ca669aef,0.3814013888888889,0.6830379374862824,0.48100123,,0.5,360.0,100.0,gpu_amip_diagedmf_io,12hours,120secs,30.0,63.0,Float32,0.5,1.0,
2026-04-26 05:42:55.532000+00:00,climacoupler-amip,275,passed,Current AMIP: diagedmf + 0M + integrated land,passed,338d35101b8269bef72d7d75a373dd83ca669aef,66.69998027777778,1.090618259890452,0.3012439,,1098.0,790560.0,100.0,amip,1098days,120secs,16.0,63.0,Float32,1098.0,1.0,
2026-04-26 08:33:03.974000+00:00,climacoupler-longruns,1089,failed,GPU AMIP + diag. EDMF + integrated land + 2K SST,passed,338d35101b8269bef72d7d75a373dd83ca669aef,24.89137888888889,0.9865739402004846,0.33301315,,366.0,263520.0,100.0,amip_diagedmf_land_p2k,366days,120secs,16.0,63.0,Float32,366.0,1.0,
2026-04-26 08:33:04.018000+00:00,climacoupler-longruns,1089,failed,GPU AMIP + ED only,passed,338d35101b8269bef72d7d75a373dd83ca669aef,11.34883388888889,2.1901070516155263,0.15001188,,366.0,263520.0,100.0,amip_edonly,366days,120secs,16.0,63.0,Float32,366.0,1.0,
2026-04-26 08:33:04.037000+00:00,climacoupler-longruns,1089,failed,GPU AMIP + diag. EDMF + integrated land,passed,338d35101b8269bef72d7d75a373dd83ca669aef,25.008515555555558,0.9821782920476306,0.33450353,,366.0,263520.0,100.0,amip_diagedmf_land,366days,120secs,16.0,63.0,Float32,366.0,1.0,
2026-04-26 08:33:04.038000+00:00,climacoupler-longruns,1089,failed,GPU AMIP + diag. EDMF + 1M + integrated land,passed,338d35101b8269bef72d7d75a373dd83ca669aef,10.946553888888888,0.7840251873401582,0.41904533,,124.0,89280.0,100.0,amip_diagedmf_1m_land,124days,120secs,16.0,63.0,Float32,124.0,1.0,
2026-04-26 08:33:04.051000+00:00,climacoupler-longruns,1089,failed,GPU AMIP + prog. EDMF + integrated land,failed,338d35101b8269bef72d7d75a373dd83ca669aef,1.0643972222222222,,,,5.666666666666667,4096.0,1.6,amip_progedmf_land,366days,120secs,16.0,63.0,Float32,366.0,0.016,Found NaN
2026-04-26 09:36:57.927000+00:00,climacoupler-longruns,1089,failed,GPU AMIP + prog. EDMF + 1M + integrated land,failed,338d35101b8269bef72d7d75a373dd83ca669aef,1.2570922222222223,,,,2.833333333333333,2048.0,1.5,amip_progedmf_1m_land,186days,120secs,16.0,63.0,Float32,186.0,0.015,Found NaN
2026-04-26 10:52:24.910000+00:00,climacoupler-longruns,1089,failed,GPU CMIP: ED only + bucket,failed,338d35101b8269bef72d7d75a373dd83ca669aef,1.1457869444444444,,,,10.0,7680.0,2.9,cmip_edonly_bucket,366days,,16.0,63.0,Float64,366.0,0.028999999999999998,AssertionError: minimum((ice_fraction .+ land_fraction) .+ ocean_fraction) ≈ FT(1)
2026-04-26 12:01:10.892000+00:00,climacoupler-longruns,1089,failed,GPU CMIP: ED only + integrated land,passed,338d35101b8269bef72d7d75a373dd83ca669aef,19.962048333333332,1.2478109452418837,3.9494216,,347.0,250515.0,95.1,cmip_edonly_land,366days,,16.0,63.0,Float64,366.0,0.951,
2026-04-26 13:33:34.874000+00:00,climacoupler-longruns,1089,failed,GPU CMIP: diag. EDMF + integrated land,passed,338d35101b8269bef72d7d75a373dd83ca669aef,16.59289,0.76835353072919,6.413885,,176.0,127395.0,95.1,cmip_diagedmf_land,186days,,16.0,63.0,Float64,186.0,0.951,
2026-04-26 13:33:36.799000+00:00,climacoupler-longruns,1089,failed,GPU CMIP: prog. EDMF + integrated land,failed,338d35101b8269bef72d7d75a373dd83ca669aef,1.250792222222222,,,,2.6666666666666665,1920.0,1.4,cmip_progedmf_land,186days,,16.0,63.0,Float64,186.0,0.013999999999999999,AssertionError: minimum((ice_fraction .+ land_fraction) .+ ocean_fraction) ≈ FT(1)
2026-05-02 15:29:08.385000+00:00,climacoupler-amip,276,failed,Current AMIP: diagedmf + 0M + integrated land,failed,4fa283f46244b3bbf8cecdaf09f66c38ebf0a520,53.71503166666667,,,,878.0,632448.0,80.0,amip,1098days,120secs,16.0,63.0,Float32,1098.0,0.8,
2026-05-03 05:13:04.913000+00:00,climacoupler-cpu-gpu-benchmarks,316,failed,GPU AMIP with prognostic EDMF + 1M + integrated land (16 helems),passed,4fa283f46244b3bbf8cecdaf09f66c38ebf0a520,0.6391747222222223,0.231977806198988,0.3540663,,0.01388888888888889,40.0,100.0,gpu_amip_progedmf_1M_land_he16,1200secs,30secs,16.0,63.0,Float32,0.013888888888888888,1.0,
2026-05-03 05:13:04.918000+00:00,climacoupler-cpu-gpu-benchmarks,316,failed,GPU AMIP with prognostic EDMF + 1M + integrated land (30 helems),passed,4fa283f46244b3bbf8cecdaf09f66c38ebf0a520,0.6792977777777779,0.07125980873159438,1.1526206,,0.01388888888888889,40.0,100.0,gpu_amip_progedmf_1M_land_he30,1200secs,30secs,30.0,63.0,Float32,0.013888888888888888,1.0,
2026-05-03 05:13:04.983000+00:00,climacoupler-cpu-gpu-benchmarks,316,failed,GPU ClimaAtmos with diagnostic EDMF,passed,4fa283f46244b3bbf8cecdaf09f66c38ebf0a520,0.21630694444444445,0.7457388713510842,,,0.4875,351.0,97.5,,,,,,,,0.975,
2026-05-03 05:13:05.014000+00:00,climacoupler-cpu-gpu-benchmarks,316,failed,GPU ClimaAtmos without diagnostic EDMF,passed,4fa283f46244b3bbf8cecdaf09f66c38ebf0a520,0.16550333333333334,1.496398881729636,,,0.4875,351.0,97.5,,,,,,,,0.975,
2026-05-03 05:23:02.948000+00:00,climacoupler-cpu-gpu-benchmarks,316,failed,GPU AMIP with diagnostic EDMF,passed,4fa283f46244b3bbf8cecdaf09f66c38ebf0a520,0.3557425,0.7056178468713696,0.4656091,,0.5,360.0,100.0,gpu_amip_diagedmf,12hours,120secs,30.0,63.0,Float32,0.5,1.0,
2026-05-03 05:26:04.809000+00:00,climacoupler-cpu-gpu-benchmarks,316,failed,GPU AMIP with diagnostic EDMF and IO,passed,4fa283f46244b3bbf8cecdaf09f66c38ebf0a520,0.37741027777777775,0.6779252314109625,0.4846288,,0.5,360.0,100.0,gpu_amip_diagedmf_io,12hours,120secs,30.0,63.0,Float32,0.5,1.0,
2026-05-03 08:33:04.974000+00:00,climacoupler-longruns,1097,failed,GPU AMIP + diag. EDMF + 1M + integrated land,failed,4fa283f46244b3bbf8cecdaf09f66c38ebf0a520,0.7352672222222222,,,,0.711111111111111,512.0,0.6,amip_diagedmf_1m_land,124days,120secs,16.0,63.0,Float32,124.0,0.006,Found NaN
2026-05-03 08:33:05.007000+00:00,climacoupler-longruns,1097,failed,GPU AMIP + prog. EDMF + integrated land,passed,4fa283f46244b3bbf8cecdaf09f66c38ebf0a520,14.723553055555556,1.6952879006464374,0.19379723,,366.0,263520.0,100.0,amip_progedmf_land,366days,120secs,16.0,63.0,Float32,366.0,1.0,
2026-05-03 08:33:05.018000+00:00,climacoupler-longruns,1097,failed,GPU AMIP + diag. EDMF + integrated land + 2K SST,passed,4fa283f46244b3bbf8cecdaf09f66c38ebf0a520,24.80720138888889,0.9890434847646861,0.33218166,,366.0,263520.0,100.0,amip_diagedmf_land_p2k,366days,120secs,16.0,63.0,Float32,366.0,1.0,
2026-05-03 08:33:05.030000+00:00,climacoupler-longruns,1097,failed,GPU AMIP + ED only,passed,4fa283f46244b3bbf8cecdaf09f66c38ebf0a520,11.35038222222222,2.190622022489106,0.14997663,,366.0,263520.0,100.0,amip_edonly,366days,120secs,16.0,63.0,Float32,366.0,1.0,
2026-05-03 08:33:05.102000+00:00,climacoupler-longruns,1097,failed,GPU AMIP + prog. EDMF + 1M + integrated land,failed,4fa283f46244b3bbf8cecdaf09f66c38ebf0a520,1.1710399999999999,,,,2.833333333333333,2048.0,1.5,amip_progedmf_1m_land,186days,120secs,16.0,63.0,Float32,186.0,0.015,Found NaN
2026-05-03 08:33:05.164000+00:00,climacoupler-longruns,1097,failed,GPU AMIP + diag. EDMF + integrated land,passed,4fa283f46244b3bbf8cecdaf09f66c38ebf0a520,24.677813611111112,0.9939342630730102,0.3305471,,366.0,263520.0,100.0,amip_diagedmf_land,366days,120secs,16.0,63.0,Float32,366.0,1.0,
2026-05-03 09:17:13.597000+00:00,climacoupler-longruns,1097,failed,GPU CMIP: ED only + bucket,passed,4fa283f46244b3bbf8cecdaf09f66c38ebf0a520,21.49556361111111,1.1534608773565804,0.85449475,,366.0,263520.0,100.0,cmip_edonly_bucket,366days,,16.0,63.0,Float64,366.0,1.0,
2026-05-03 09:43:22.893000+00:00,climacoupler-longruns,1097,failed,GPU CMIP: ED only + integrated land,passed,4fa283f46244b3bbf8cecdaf09f66c38ebf0a520,22.166095833333337,1.1219886505863295,0.8784637,,366.0,263520.0,100.0,cmip_edonly_land,366days,,16.0,63.0,Float64,366.0,1.0,
2026-05-03 12:38:42.550000+00:00,climacoupler-longruns,1097,failed,GPU CMIP: diag. EDMF + integrated land,passed,4fa283f46244b3bbf8cecdaf09f66c38ebf0a520,17.825913888888888,0.7153475186326024,1.3778286,,186.0,133920.0,100.0,cmip_diagedmf_land,186days,,16.0,63.0,Float64,186.0,1.0,
2026-05-03 18:53:38.674000+00:00,climacoupler-longruns,1097,failed,GPU CMIP: prog. EDMF + integrated land,failed,4fa283f46244b3bbf8cecdaf09f66c38ebf0a520,0.8788400000000001,,,,1.0416666666666667,768.0,0.6,cmip_progedmf_land,186days,,16.0,63.0,Float64,186.0,0.006,AssertionError: minimum((ice_fraction .+ land_fraction) .+ ocean_fraction) ≈ FT(1)
2026-05-09 16:30:11.108000+00:00,climacoupler-amip,277,passed,Current AMIP: diagedmf + 0M + integrated land,passed,4508dca4d2fb8380b49effdd2864c86f1e87d291,39.68902722222222,1.8425875720534022,0.17830473,,1098.0,790560.0,100.0,amip,1098days,120secs,16.0,63.0,Float32,1098.0,1.0,
2026-05-10 05:14:04.912000+00:00,climacoupler-cpu-gpu-benchmarks,317,passed,GPU ClimaAtmos with diagnostic EDMF,passed,850e808e86c751f20363c851ccd2cc684f1e979e,0.24543166666666666,0.35322433828710403,,,0.4875,351.0,97.5,,,,,,,,0.975,
2026-05-10 05:14:04.913000+00:00,climacoupler-cpu-gpu-benchmarks,317,passed,GPU AMIP with prognostic EDMF + 1M + integrated land (30 helems),passed,850e808e86c751f20363c851ccd2cc684f1e979e,0.5776630555555555,0.08078658936545459,1.0166975,,0.01388888888888889,40.0,100.0,gpu_amip_progedmf_1M_land_he30,1200secs,30secs,30.0,63.0,Float32,0.013888888888888888,1.0,
2026-05-10 05:14:04.990000+00:00,climacoupler-cpu-gpu-benchmarks,317,passed,GPU AMIP with prognostic EDMF + 1M + integrated land (16 helems),passed,850e808e86c751f20363c851ccd2cc684f1e979e,0.5835636111111112,0.26008662567063745,0.31580064,,0.01388888888888889,40.0,100.0,gpu_amip_progedmf_1M_land_he16,1200secs,30secs,16.0,63.0,Float32,0.013888888888888888,1.0,
2026-05-10 05:14:04.997000+00:00,climacoupler-cpu-gpu-benchmarks,317,passed,GPU AMIP with diagnostic EDMF,passed,850e808e86c751f20363c851ccd2cc684f1e979e,0.3890377777777778,0.3419154713209044,0.9608869,,0.5,360.0,100.0,gpu_amip_diagedmf,12hours,120secs,30.0,63.0,Float32,0.5,1.0,
2026-05-10 05:14:05.003000+00:00,climacoupler-cpu-gpu-benchmarks,317,passed,GPU ClimaAtmos without diagnostic EDMF,passed,850e808e86c751f20363c851ccd2cc684f1e979e,0.1750327777777778,0.7314800508640914,,,0.4875,351.0,97.5,,,,,,,,0.975,
2026-05-10 05:24:36.821000+00:00,climacoupler-cpu-gpu-benchmarks,317,passed,GPU AMIP with diagnostic EDMF and IO,passed,850e808e86c751f20363c851ccd2cc684f1e979e,0.3892272222222222,0.33622621539635394,0.97714597,,0.5,360.0,100.0,gpu_amip_diagedmf_io,12hours,120secs,30.0,63.0,Float32,0.5,1.0,
2026-05-10 08:32:03.999000+00:00,climacoupler-longruns,1105,failed,GPU AMIP + prog. EDMF + 1M + integrated land,passed,850e808e86c751f20363c851ccd2cc684f1e979e,25.915117222222225,0.4836661868522005,0.6792745,,186.0,133920.0,100.0,amip_progedmf_1m_land,186days,120secs,16.0,63.0,Float32,186.0,1.0,
2026-05-10 08:32:04+00:00,climacoupler-longruns,1105,failed,GPU AMIP + diag. EDMF + integrated land,canceled,850e808e86c751f20363c851ccd2cc684f1e979e,7.279532777777778,,,,91.02222222222223,65536.0,24.9,amip_diagedmf_land,366days,120secs,16.0,63.0,Float32,366.0,0.249,
2026-05-10 08:32:04.009000+00:00,climacoupler-longruns,1105,failed,GPU AMIP + ED only,canceled,850e808e86c751f20363c851ccd2cc684f1e979e,7.266339166666667,,,,183.0,131760.0,50.0,amip_edonly,366days,120secs,16.0,63.0,Float32,366.0,0.5,
2026-05-10 08:32:04.038000+00:00,climacoupler-longruns,1105,failed,GPU AMIP + diag. EDMF + integrated land + 2K SST,canceled,850e808e86c751f20363c851ccd2cc684f1e979e,7.262920833333333,,,,91.5,65880.0,25.0,amip_diagedmf_land_p2k,366days,120secs,16.0,63.0,Float32,366.0,0.25,
2026-05-10 08:32:04.045000+00:00,climacoupler-longruns,1105,failed,GPU AMIP + diag. EDMF + 1M + integrated land,passed,850e808e86c751f20363c851ccd2cc684f1e979e,24.94863611111111,0.3330007478345229,0.98661065,,124.0,89280.0,100.0,amip_diagedmf_1m_land,124days,120secs,16.0,63.0,Float32,124.0,1.0,
2026-05-10 15:47:51.914000+00:00,climacoupler-longruns,1105,failed,GPU CMIP: ED only + bucket,failed,850e808e86c751f20363c851ccd2cc684f1e979e,1.3105672222222222,,,,0.5333333333333333,384.0,0.1,cmip_edonly_bucket,366days,,16.0,63.0,Float64,366.0,0.001,AssertionError: minimum((ice_fraction .+ land_fraction) .+ ocean_fraction) ≈ FT(1)
2026-05-10 15:49:07.880000+00:00,climacoupler-longruns,1105,failed,GPU CMIP: prog. EDMF + integrated land,passed,850e808e86c751f20363c851ccd2cc684f1e979e,12.61528,1.0281013730940733,0.9586859,,186.0,133920.0,100.0,cmip_progedmf_land,186days,,16.0,63.0,Float64,186.0,1.0,
2026-05-10 18:22:04.901000+00:00,climacoupler-longruns,1105,failed,GPU CMIP: ED only + integrated land,passed,850e808e86c751f20363c851ccd2cc684f1e979e,22.65036666666667,1.0937044395437894,0.9011816,,366.0,263520.0,100.0,cmip_edonly_land,366days,,16.0,63.0,Float64,366.0,1.0,
2026-05-11 04:57:04.224000+00:00,climacoupler-longruns,1105,failed,GPU CMIP: diag. EDMF + integrated land,passed,850e808e86c751f20363c851ccd2cc684f1e979e,19.588994444444445,0.6461812079380851,1.5253094,,186.0,133920.0,100.0,cmip_diagedmf_land,186days,,16.0,63.0,Float64,186.0,1.0,
2026-05-11 05:55:03.860000+00:00,climacoupler-longruns,1105,failed,GPU AMIP + prog. EDMF + integrated land,passed,850e808e86c751f20363c851ccd2cc684f1e979e,14.650849166666667,1.6982072716523076,0.19346407,,366.0,263520.0,100.0,amip_progedmf_land,366days,120secs,16.0,63.0,Float32,366.0,1.0,
2026-05-16 15:26:08.184000+00:00,climacoupler-amip,279,failed,Current AMIP: diagedmf + 0M + integrated land,canceled,ea561b53aa838d5880bedad94511daf7a45f8c17,49.96796666666666,1.7314476142275461,0.18974994,,1098.0,790560.0,100.0,amip,1098days,120secs,16.0,63.0,Float32,1098.0,1.0,"InexactError: trunc(UInt8, 256)"
2026-05-17 05:14:04.941000+00:00,climacoupler-cpu-gpu-benchmarks,318,passed,GPU ClimaAtmos with diagnostic EDMF,passed,ea561b53aa838d5880bedad94511daf7a45f8c17,0.24736027777777778,0.3166067620464327,,,0.4875,351.0,97.5,,,,,,,,0.975,
2026-05-17 05:14:04.958000+00:00,climacoupler-cpu-gpu-benchmarks,318,passed,GPU AMIP with diagnostic EDMF and IO,passed,ea561b53aa838d5880bedad94511daf7a45f8c17,0.40280277777777773,0.30209387373818275,1.0875497,,0.5,360.0,100.0,gpu_amip_diagedmf_io,12hours,120secs,30.0,63.0,Float32,0.5,1.0,
2026-05-17 05:14:04.982000+00:00,climacoupler-cpu-gpu-benchmarks,318,passed,GPU AMIP with prognostic EDMF + 1M + integrated land (16 helems),passed,ea561b53aa838d5880bedad94511daf7a45f8c17,0.5501083333333333,0.2405713545350976,0.34141856,,0.01388888888888889,40.0,100.0,gpu_amip_progedmf_1M_land_he16,1200secs,30secs,16.0,63.0,Float32,0.013888888888888888,1.0,
2026-05-17 05:14:05.059000+00:00,climacoupler-cpu-gpu-benchmarks,318,passed,GPU ClimaAtmos without diagnostic EDMF,passed,ea561b53aa838d5880bedad94511daf7a45f8c17,0.16400777777777778,0.7295804797540436,,,0.4875,351.0,97.5,,,,,,,,0.975,
2026-05-17 05:14:05.062000+00:00,climacoupler-cpu-gpu-benchmarks,318,passed,GPU AMIP with diagnostic EDMF,passed,ea561b53aa838d5880bedad94511daf7a45f8c17,0.37912694444444445,0.30872262571829445,1.0641983,,0.5,360.0,100.0,gpu_amip_diagedmf,12hours,120secs,30.0,63.0,Float32,0.5,1.0,
2026-05-17 05:14:05.073000+00:00,climacoupler-cpu-gpu-benchmarks,318,passed,GPU AMIP with prognostic EDMF + 1M + integrated land (30 helems),passed,ea561b53aa838d5880bedad94511daf7a45f8c17,0.5422044444444444,0.07453960996272377,1.1019044,,0.01388888888888889,40.0,100.0,gpu_amip_progedmf_1M_land_he30,1200secs,30secs,30.0,63.0,Float32,0.013888888888888888,1.0,
2026-05-17 08:31:04.894000+00:00,climacoupler-longruns,1110,failed,GPU CMIP: ED only + bucket,failed,ea561b53aa838d5880bedad94511daf7a45f8c17,30.049395,1.0776497502110234,0.9146073,,366.0,263520.0,100.0,cmip_edonly_bucket,366days,,16.0,63.0,Float64,366.0,1.0,
2026-05-17 08:31:04.967000+00:00,climacoupler-longruns,1110,failed,GPU AMIP + diag. EDMF + integrated land,failed,ea561b53aa838d5880bedad94511daf7a45f8c17,30.049338055555555,,,,347.0,250344.0,95.0,amip_diagedmf_land,366days,120secs,16.0,63.0,Float32,366.0,0.95,
2026-05-17 08:31:04.999000+00:00,climacoupler-longruns,1110,failed,GPU AMIP + diag. EDMF + integrated land + 2K SST,canceled,ea561b53aa838d5880bedad94511daf7a45f8c17,20.318606666666664,,,,237.0,171288.0,65.0,amip_diagedmf_land_p2k,366days,120secs,16.0,63.0,Float32,366.0,0.65,
2026-05-17 08:31:05.002000+00:00,climacoupler-longruns,1110,failed,GPU AMIP + prog. EDMF + integrated land,canceled,ea561b53aa838d5880bedad94511daf7a45f8c17,17.901505555555556,1.630628527650952,0.20148188,,366.0,263520.0,100.0,amip_progedmf_land,366days,120secs,16.0,63.0,Float32,366.0,1.0,
2026-05-17 08:31:05.062000+00:00,climacoupler-longruns,1110,failed,GPU AMIP + prog. EDMF + 1M + integrated land,failed,ea561b53aa838d5880bedad94511daf7a45f8c17,30.049379722222223,,,,182.04166666666666,131072.0,97.9,amip_progedmf_1m_land,186days,120secs,16.0,63.0,Float32,186.0,0.9790000000000001,
2026-05-17 08:31:05.071000+00:00,climacoupler-longruns,1110,failed,GPU AMIP + ED only,canceled,ea561b53aa838d5880bedad94511daf7a45f8c17,17.907085,1.8265714985037282,0.17986818,,366.0,263520.0,100.0,amip_edonly,366days,120secs,16.0,63.0,Float32,366.0,1.0,
2026-05-17 08:31:05.078000+00:00,climacoupler-longruns,1110,failed,GPU CMIP: ED only + integrated land,failed,ea561b53aa838d5880bedad94511daf7a45f8c17,30.065653888888892,1.0494624400788466,0.9391725,,366.0,263520.0,100.0,cmip_edonly_land,366days,,16.0,63.0,Float64,366.0,1.0,
2026-05-17 08:31:05.090000+00:00,climacoupler-longruns,1110,failed,GPU AMIP + diag. EDMF + 1M + integrated land,canceled,ea561b53aa838d5880bedad94511daf7a45f8c17,18.56778138888889,,,,74.0,53568.0,60.0,amip_diagedmf_1m_land,124days,120secs,16.0,63.0,Float32,124.0,0.6,
2026-05-18 02:25:11.920000+00:00,climacoupler-longruns,1110,failed,GPU CMIP: diag. EDMF + integrated land,canceled,ea561b53aa838d5880bedad94511daf7a45f8c17,14.434832777777778,,,,120.0,87048.0,65.0,cmip_diagedmf_land,186days,,16.0,63.0,Float64,186.0,0.65,
2026-05-18 02:25:31.832000+00:00,climacoupler-longruns,1110,failed,GPU CMIP: prog. EDMF + integrated land,canceled,ea561b53aa838d5880bedad94511daf7a45f8c17,20.398667777777778,0.9824634941190941,1.0032192,,186.0,133920.0,100.0,cmip_progedmf_land,186days,,16.0,63.0,Float64,186.0,1.0,
2026-05-23 15:25:08.255000+00:00,climacoupler-amip,280,passed,Current AMIP: progedmf + 0M + integrated land,passed,c194c320e9749174d7d403c09bd0a0bae4073742,45.90067944444444,1.5916910081647901,0.20641072,,1098.0,790560.0,100.0,amip,1098days,120secs,16.0,63.0,Float32,1098.0,1.0,
2026-05-24 05:14:04.889000+00:00,climacoupler-cpu-gpu-benchmarks,320,passed,GPU AMIP with prognostic EDMF + 1M + integrated land (30 helems),passed,c194c320e9749174d7d403c09bd0a0bae4073742,0.54537,0.071876816522627,1.1427262,,0.01388888888888889,40.0,100.0,gpu_amip_progedmf_1M_land_he30,1200secs,30secs,30.0,63.0,Float32,0.013888888888888888,1.0,
2026-05-24 05:14:04.908000+00:00,climacoupler-cpu-gpu-benchmarks,320,passed,GPU ClimaAtmos without diagnostic EDMF,passed,c194c320e9749174d7d403c09bd0a0bae4073742,0.17125444444444443,0.7117918023198186,,,0.4875,351.0,97.5,,,,,,,,0.975,
2026-05-24 05:14:04.909000+00:00,climacoupler-cpu-gpu-benchmarks,320,passed,GPU AMIP with diagnostic EDMF,passed,c194c320e9749174d7d403c09bd0a0bae4073742,0.36633750000000004,0.32897636127933183,0.99867994,,0.5,360.0,100.0,gpu_amip_diagedmf,12hours,120secs,30.0,63.0,Float32,0.5,1.0,
2026-05-24 05:14:04.916000+00:00,climacoupler-cpu-gpu-benchmarks,320,passed,GPU AMIP with prognostic EDMF + 1M + integrated land (16 helems),passed,c194c320e9749174d7d403c09bd0a0bae4073742,0.5265480555555556,0.2393754079084318,0.34312433,,0.01388888888888889,40.0,100.0,gpu_amip_progedmf_1M_land_he16,1200secs,30secs,16.0,63.0,Float32,0.013888888888888888,1.0,
2026-05-24 05:14:04.927000+00:00,climacoupler-cpu-gpu-benchmarks,320,passed,GPU ClimaAtmos with diagnostic EDMF,passed,c194c320e9749174d7d403c09bd0a0bae4073742,0.24801805555555556,0.3393962142189158,,,0.4875,351.0,97.5,,,,,,,,0.975,
2026-05-24 05:14:04.948000+00:00,climacoupler-cpu-gpu-benchmarks,320,passed,GPU AMIP with diagnostic EDMF and IO,passed,c194c320e9749174d7d403c09bd0a0bae4073742,0.38813055555555553,0.32370964311679556,1.0149283,,0.5,360.0,100.0,gpu_amip_diagedmf_io,12hours,120secs,30.0,63.0,Float32,0.5,1.0,
2026-05-24 08:32:03.900000+00:00,climacoupler-longruns,1113,failed,GPU AMIP + prog. EDMF + integrated land,passed,c194c320e9749174d7d403c09bd0a0bae4073742,15.512641944444445,1.6015718178804477,0.20513728,,366.0,263520.0,100.0,amip_progedmf_land,366days,120secs,16.0,63.0,Float32,366.0,1.0,
2026-05-24 08:32:03.901000+00:00,climacoupler-longruns,1113,failed,GPU AMIP + ED only,passed,c194c320e9749174d7d403c09bd0a0bae4073742,13.950690277777777,1.773197335280867,0.1852823,,366.0,263520.0,100.0,amip_edonly,366days,120secs,16.0,63.0,Float32,366.0,1.0,
2026-05-24 08:32:03.903000+00:00,climacoupler-longruns,1113,failed,GPU CMIP: ED only + bucket,failed,c194c320e9749174d7d403c09bd0a0bae4073742,22.818068611111112,1.0836766010929155,0.9095207,,366.0,263520.0,100.0,cmip_edonly_bucket,366days,,16.0,63.0,Float64,366.0,1.0,ArgumentError: collection must be non-empty
2026-05-24 08:32:03.904000+00:00,climacoupler-longruns,1113,failed,GPU AMIP + diag. EDMF + integrated land,passed,c194c320e9749174d7d403c09bd0a0bae4073742,28.28642888888889,0.8639264047119839,0.38028944,,366.0,263520.0,100.0,amip_diagedmf_land,366days,120secs,16.0,63.0,Float32,366.0,1.0,
2026-05-24 08:32:03.911000+00:00,climacoupler-longruns,1113,failed,GPU AMIP + prog. EDMF + integrated land + 2K SST,passed,c194c320e9749174d7d403c09bd0a0bae4073742,15.561994166666665,1.5980841333712965,0.20558497,,366.0,263520.0,100.0,amip_progedmf_land_p2k,366days,120secs,16.0,63.0,Float32,366.0,1.0,
2026-05-24 08:32:03.957000+00:00,climacoupler-longruns,1113,failed,GPU AMIP + prog. EDMF + 1M + integrated land,passed,c194c320e9749174d7d403c09bd0a0bae4073742,24.512374166666667,0.5120469854344423,0.64162487,,186.0,133920.0,100.0,amip_progedmf_1m_land,186days,120secs,16.0,63.0,Float32,186.0,1.0,
2026-05-24 10:29:54.811000+00:00,climacoupler-longruns,1113,failed,GPU CMIP: ED only + integrated land,failed,c194c320e9749174d7d403c09bd0a0bae4073742,23.492364166666665,1.0584213699314158,0.931223,,366.0,263520.0,100.0,cmip_edonly_land,366days,,16.0,63.0,Float64,366.0,1.0,ArgumentError: collection must be non-empty
2026-05-24 18:38:29.832000+00:00,climacoupler-longruns,1113,failed,GPU CMIP: diag. EDMF + integrated land,failed,c194c320e9749174d7d403c09bd0a0bae4073742,19.85851027777778,0.6406901843622469,1.538382,,186.0,133920.0,100.0,cmip_diagedmf_land,186days,,16.0,63.0,Float64,186.0,1.0,ArgumentError: collection must be non-empty
2026-05-24 22:29:08.029000+00:00,climacoupler-longruns,1113,failed,GPU CMIP: prog. EDMF + integrated land,failed,c194c320e9749174d7d403c09bd0a0bae4073742,13.224840555555556,0.9896291068412421,0.9959552,,186.0,133920.0,100.0,cmip_progedmf_land,186days,,16.0,63.0,Float64,186.0,1.0,ArgumentError: collection must be non-empty
2026-05-30 15:27:08.205000+00:00,climacoupler-amip,281,passed,Current AMIP: progedmf + 0M + integrated land,passed,b83987755195bde395349f42bdd1c624f251b060,47.59652055555555,1.5330067888286465,0.21431223,,1098.0,790560.0,100.0,amip,1098days,120secs,16.0,63.0,Float32,1098.0,1.0,
2026-05-31 05:15:04.905000+00:00,climacoupler-cpu-gpu-benchmarks,321,passed,GPU AMIP with prognostic EDMF + 1M + integrated land (16 helems),passed,1350eb76ff2d5d78fbf470db1b7904cbbf48d39d,0.5636405555555556,0.24627965852129244,0.3335051,,0.01388888888888889,40.0,100.0,gpu_amip_progedmf_1M_land_he16,1200secs,30secs,16.0,63.0,Float32,0.013888888888888888,1.0,
2026-05-31 05:15:04.906000+00:00,climacoupler-cpu-gpu-benchmarks,321,passed,GPU ClimaAtmos with prognostic EDMF,passed,1350eb76ff2d5d78fbf470db1b7904cbbf48d39d,0.23649888888888887,0.6111807466728675,,,0.4875,351.0,97.5,,,,,,,,0.975,
2026-05-31 05:15:04.920000+00:00,climacoupler-cpu-gpu-benchmarks,321,passed,GPU AMIP with prognostic EDMF,passed,1350eb76ff2d5d78fbf470db1b7904cbbf48d39d,0.3795375,0.5809974094654359,0.56547946,,0.5,360.0,100.0,gpu_amip_progedmf,12hours,120secs,30.0,63.0,Float32,0.5,1.0,
2026-05-31 05:15:04.921000+00:00,climacoupler-cpu-gpu-benchmarks,321,passed,GPU ClimaAtmos without EDMF,passed,1350eb76ff2d5d78fbf470db1b7904cbbf48d39d,0.16741777777777778,0.73341665329116,,,0.4875,351.0,97.5,,,,,,,,0.975,
2026-05-31 05:15:04.988000+00:00,climacoupler-cpu-gpu-benchmarks,321,passed,GPU AMIP with prognostic EDMF + 1M + integrated land (30 helems),passed,1350eb76ff2d5d78fbf470db1b7904cbbf48d39d,0.5598191666666666,0.07433419591649444,1.1049494,,0.01388888888888889,40.0,100.0,gpu_amip_progedmf_1M_land_he30,1200secs,30secs,30.0,63.0,Float32,0.013888888888888888,1.0,
2026-05-31 05:25:08.923000+00:00,climacoupler-cpu-gpu-benchmarks,321,passed,GPU AMIP with prognostic EDMF and IO,passed,1350eb76ff2d5d78fbf470db1b7904cbbf48d39d,0.5752622222222222,0.14806610039777435,2.218888,,0.5,360.0,100.0,gpu_amip_progedmf_io,12hours,120secs,30.0,63.0,Float32,0.5,1.0,
2026-05-31 08:33:04.996000+00:00,climacoupler-longruns,1120,failed,GPU AMIP + prog. EDMF + integrated land + 2K SST,passed,1350eb76ff2d5d78fbf470db1b7904cbbf48d39d,15.160224444444443,1.6423670805942163,0.20004182,,366.0,263520.0,100.0,amip_progedmf_land_p2k,366days,120secs,16.0,63.0,Float32,366.0,1.0,
2026-05-31 08:33:05.001000+00:00,climacoupler-longruns,1120,failed,GPU AMIP + prog. EDMF + 1M + integrated land,passed,1350eb76ff2d5d78fbf470db1b7904cbbf48d39d,23.52054027777778,0.5352139888662921,0.61385185,,186.0,133920.0,100.0,amip_progedmf_1m_land,186days,120secs,16.0,63.0,Float32,186.0,1.0,
2026-05-31 08:33:05.004000+00:00,climacoupler-longruns,1120,failed,GPU AMIP + prog. EDMF + integrated land,passed,1350eb76ff2d5d78fbf470db1b7904cbbf48d39d,15.088760555555556,1.6501674124499155,0.19909622,,366.0,263520.0,100.0,amip_progedmf_land,366days,120secs,16.0,63.0,Float32,366.0,1.0,
2026-05-31 08:33:05.043000+00:00,climacoupler-longruns,1120,failed,GPU CMIP: diag. EDMF + integrated land,passed,1350eb76ff2d5d78fbf470db1b7904cbbf48d39d,19.16735305555556,0.6630105231020526,1.4865922,,186.0,133920.0,100.0,cmip_diagedmf_land,186days,,16.0,63.0,Float64,186.0,1.0,
2026-05-31 08:33:05.050000+00:00,climacoupler-longruns,1120,failed,GPU CMIP: ED only + integrated land,passed,1350eb76ff2d5d78fbf470db1b7904cbbf48d39d,22.872171666666667,1.0880998803363837,0.90582335,,366.0,263520.0,100.0,cmip_edonly_land,366days,,16.0,63.0,Float64,366.0,1.0,
2026-05-31 08:33:05.101000+00:00,climacoupler-longruns,1120,failed,GPU CMIP: ED only + bucket,passed,1350eb76ff2d5d78fbf470db1b7904cbbf48d39d,22.28186722222222,1.114076997364756,0.88470215,,366.0,263520.0,100.0,cmip_edonly_bucket,366days,,16.0,63.0,Float64,366.0,1.0,
2026-05-31 08:33:05.126000+00:00,climacoupler-longruns,1120,failed,GPU AMIP + diag. EDMF + integrated land,passed,1350eb76ff2d5d78fbf470db1b7904cbbf48d39d,27.124761944444444,0.902167787295122,0.36416963,,366.0,263520.0,100.0,amip_diagedmf_land,366days,120secs,16.0,63.0,Float32,366.0,1.0,
2026-05-31 08:33:05.131000+00:00,climacoupler-longruns,1120,failed,GPU AMIP + ED only,passed,1350eb76ff2d5d78fbf470db1b7904cbbf48d39d,13.684649444444444,1.8106961899120566,0.18144518,,366.0,263520.0,100.0,amip_edonly,366days,120secs,16.0,63.0,Float32,366.0,1.0,
2026-05-31 22:14:11.943000+00:00,climacoupler-longruns,1120,failed,GPU CMIP: prog. EDMF + integrated land,passed,1350eb76ff2d5d78fbf470db1b7904cbbf48d39d,12.678952777777779,1.029553179368598,0.95733404,,186.0,133920.0,100.0,cmip_progedmf_land,186days,,16.0,63.0,Float64,186.0,1.0,
2026-06-06 15:57:50.715000+00:00,climacoupler-amip,282,passed,Current AMIP: progedmf + 0M + integrated land,passed,8df84bad498b1e894791e8d1d6322baf5d66e9f5,44.12687777777778,1.6561453375237802,0.19837758,,1098.0,790560.0,100.0,amip,1098days,120secs,16.0,63.0,Float32,1098.0,1.0,
2026-06-07 05:14:04.927000+00:00,climacoupler-cpu-gpu-benchmarks,322,passed,GPU AMIP with prognostic EDMF + 1M + integrated land (30 helems),passed,8df84bad498b1e894791e8d1d6322baf5d66e9f5,0.5482986111111111,0.07439853078837505,1.1039939,,0.01388888888888889,40.0,100.0,gpu_amip_progedmf_1M_land_he30,1200secs,30secs,30.0,63.0,Float32,0.013888888888888888,1.0,
2026-06-07 05:14:04.969000+00:00,climacoupler-cpu-gpu-benchmarks,322,passed,GPU AMIP with prognostic EDMF,passed,8df84bad498b1e894791e8d1d6322baf5d66e9f5,0.37272305555555557,0.580984040330057,0.56549245,,0.5,360.0,100.0,gpu_amip_progedmf,12hours,120secs,30.0,63.0,Float32,0.5,1.0,
2026-06-07 05:14:05.090000+00:00,climacoupler-cpu-gpu-benchmarks,322,passed,GPU ClimaAtmos without EDMF,passed,8df84bad498b1e894791e8d1d6322baf5d66e9f5,0.1642911111111111,0.7339192813588828,,,0.4875,351.0,97.5,,,,,,,,0.975,
2026-06-07 05:14:05.097000+00:00,climacoupler-cpu-gpu-benchmarks,322,passed,GPU AMIP with prognostic EDMF + 1M + integrated land (16 helems),passed,8df84bad498b1e894791e8d1d6322baf5d66e9f5,0.5293694444444444,0.24999617586174117,0.32854712,,0.01388888888888889,40.0,100.0,gpu_amip_progedmf_1M_land_he16,1200secs,30secs,16.0,63.0,Float32,0.013888888888888888,1.0,
2026-06-07 05:14:05.134000+00:00,climacoupler-cpu-gpu-benchmarks,322,passed,GPU ClimaAtmos with prognostic EDMF,passed,8df84bad498b1e894791e8d1d6322baf5d66e9f5,0.23627444444444443,0.6118727411725052,,,0.4875,351.0,97.5,,,,,,,,0.975,
2026-06-07 05:14:06.776000+00:00,climacoupler-cpu-gpu-benchmarks,322,passed,GPU AMIP with prognostic EDMF and IO,passed,8df84bad498b1e894791e8d1d6322baf5d66e9f5,0.5687291666666666,0.1484757847231731,2.2127655,,0.5,360.0,100.0,gpu_amip_progedmf_io,12hours,120secs,30.0,63.0,Float32,0.5,1.0,
2026-06-07 08:31:05.037000+00:00,climacoupler-longruns,1128,failed,GPU AMIP + diag. EDMF + integrated land,passed,8df84bad498b1e894791e8d1d6322baf5d66e9f5,27.458229444444445,0.8915107184144646,0.36852288,,366.0,263520.0,100.0,amip_diagedmf_land,366days,120secs,16.0,63.0,Float32,366.0,1.0,
2026-06-07 08:31:05.042000+00:00,climacoupler-longruns,1128,failed,GPU CMIP: ED only + bucket,failed,8df84bad498b1e894791e8d1d6322baf5d66e9f5,22.07164111111111,1.121148784260729,0.8791218,,366.0,263520.0,100.0,cmip_edonly_bucket,366days,,16.0,63.0,Float64,366.0,1.0,NaN values found in coupler fields extrema
2026-06-07 08:31:05.045000+00:00,climacoupler-longruns,1128,failed,GPU AMIP + ED only,passed,8df84bad498b1e894791e8d1d6322baf5d66e9f5,13.65130388888889,1.812457934392439,0.18126881,,366.0,263520.0,100.0,amip_edonly,366days,120secs,16.0,63.0,Float32,366.0,1.0,
2026-06-07 08:31:05.055000+00:00,climacoupler-longruns,1128,failed,GPU AMIP + prog. EDMF + integrated land + 2K SST,passed,8df84bad498b1e894791e8d1d6322baf5d66e9f5,15.070398888888889,1.652104856533339,0.19886273,,366.0,263520.0,100.0,amip_progedmf_land_p2k,366days,120secs,16.0,63.0,Float32,366.0,1.0,
2026-06-07 08:31:05.060000+00:00,climacoupler-longruns,1128,failed,GPU AMIP + prog. EDMF + integrated land,passed,8df84bad498b1e894791e8d1d6322baf5d66e9f5,15.071701666666666,1.6516456386991403,0.19891803,,366.0,263520.0,100.0,amip_progedmf_land,366days,120secs,16.0,63.0,Float32,366.0,1.0,
2026-06-07 08:31:05.063000+00:00,climacoupler-longruns,1128,failed,GPU CMIP: ED only + integrated land,failed,8df84bad498b1e894791e8d1d6322baf5d66e9f5,22.73785833333333,1.0921758712858656,0.9024428,,366.0,263520.0,100.0,cmip_edonly_land,366days,,16.0,63.0,Float64,366.0,1.0,NaN values found in coupler fields extrema
2026-06-07 08:31:05.073000+00:00,climacoupler-longruns,1128,failed,GPU AMIP + prog. EDMF + 1M + integrated land,passed,8df84bad498b1e894791e8d1d6322baf5d66e9f5,23.35688388888889,0.538372851942564,0.6102501,,186.0,133920.0,100.0,amip_progedmf_1m_land,186days,120secs,16.0,63.0,Float32,186.0,1.0,
2026-06-07 08:31:05.179000+00:00,climacoupler-longruns,1128,failed,GPU CMIP: diag. EDMF + integrated land,failed,8df84bad498b1e894791e8d1d6322baf5d66e9f5,19.226932777777776,0.6615402897494368,1.489896,,186.0,133920.0,100.0,cmip_diagedmf_land,186days,,16.0,63.0,Float64,186.0,1.0,NaN values found in coupler fields extrema
2026-06-07 08:31:08.484000+00:00,climacoupler-longruns,1128,failed,"Slabplanet: evolving slab ocean, bucket",passed,8df84bad498b1e894791e8d1d6322baf5d66e9f5,28.009703055555555,0.023698972265244617,27.72627359353222,,10.0,3600.0,100.0,slabplanet_evolve_ocean,10days,240secs,8.0,63.0,Float64,10.0,1.0,
2026-06-07 08:31:08.534000+00:00,climacoupler-longruns,1128,failed,Aquaplanet: evolving slab ocean,passed,8df84bad498b1e894791e8d1d6322baf5d66e9f5,28.00527222222222,0.023697336305971983,27.728187692813055,,10.0,3600.0,100.0,slabplanet_aqua_evolve_ocean,10days,240secs,8.0,63.0,Float64,10.0,1.0,
2026-06-07 22:10:12.024000+00:00,climacoupler-longruns,1128,failed,GPU CMIP: prog. EDMF + integrated land,failed,8df84bad498b1e894791e8d1d6322baf5d66e9f5,12.636646666666667,1.0314434856215307,0.9555795,,186.0,133920.0,100.0,cmip_progedmf_land,186days,,16.0,63.0,Float64,186.0,1.0,NaN values found in coupler fields extrema
2026-06-09 02:26:04.911000+00:00,climacoupler-longruns,1129,failed,GPU AMIP + prog. EDMF + integrated land,passed,d6712ed675f9e3f2819a8245514d1eea593ee4d8,15.10290388888889,1.647565287403238,0.19941066,,366.0,263520.0,100.0,amip_progedmf_land,366days,120secs,16.0,63.0,Float32,366.0,1.0,
2026-06-09 02:26:04.927000+00:00,climacoupler-longruns,1129,failed,GPU AMIP + diag. EDMF + integrated land,canceled,d6712ed675f9e3f2819a8245514d1eea593ee4d8,0.01857,,,,,,,amip_diagedmf_land,366days,120secs,16.0,63.0,Float32,366.0,,
2026-06-09 02:26:04.954000+00:00,climacoupler-longruns,1129,failed,GPU AMIP + ED only,canceled,d6712ed675f9e3f2819a8245514d1eea593ee4d8,0.01933111111111111,,,,,,,amip_edonly,366days,120secs,16.0,63.0,Float32,366.0,,
2026-06-09 02:26:04.956000+00:00,climacoupler-longruns,1129,failed,GPU AMIP + prog. EDMF + integrated land + 2K SST,canceled,d6712ed675f9e3f2819a8245514d1eea593ee4d8,0.021116944444444445,,,,,,,amip_progedmf_land_p2k,366days,120secs,16.0,63.0,Float32,366.0,,
2026-06-09 02:26:10.292000+00:00,climacoupler-longruns,1129,failed,"Slabplanet: evolving slab ocean, bucket",canceled,d6712ed675f9e3f2819a8245514d1eea593ee4d8,0.014325277777777777,,,,,,,slabplanet_evolve_ocean,10days,240secs,8.0,63.0,Float64,10.0,,
2026-06-09 02:26:10.370000+00:00,climacoupler-longruns,1129,failed,Aquaplanet: evolving slab ocean,canceled,d6712ed675f9e3f2819a8245514d1eea593ee4d8,0.013065,,,,,,,,,,,,,,,
2026-06-09 02:27:14.024000+00:00,climacoupler-longruns,1129,failed,GPU AMIP + prog. EDMF + 1M + integrated land,passed,d6712ed675f9e3f2819a8245514d1eea593ee4d8,22.539167499999998,0.5570214906419515,0.58981943,,186.0,133920.0,100.0,amip_progedmf_1m_land,186days,120secs,16.0,63.0,Float32,186.0,1.0,
2026-06-09 02:27:15.770000+00:00,climacoupler-longruns,1129,failed,GPU CMIP: ED only + bucket,canceled,d6712ed675f9e3f2819a8245514d1eea593ee4d8,0.0037302777777777777,,,,,,,,,,,,,,,
2026-06-09 02:27:22.822000+00:00,climacoupler-longruns,1129,failed,GPU CMIP: ED only + integrated land,canceled,d6712ed675f9e3f2819a8245514d1eea593ee4d8,0.003295,,,,,,,,,,,,,,,
2026-06-09 02:27:32.855000+00:00,climacoupler-longruns,1129,failed,GPU CMIP: prog. EDMF + integrated land,failed,d6712ed675f9e3f2819a8245514d1eea593ee4d8,12.654991944444443,1.0302658728627037,0.9566718,,186.0,133920.0,100.0,cmip_progedmf_land,186days,,16.0,63.0,Float64,186.0,1.0,NaN values found in coupler fields extrema
2026-06-09 05:01:06.649000+00:00,climacoupler-amip,283,failed,Current AMIP: progedmf + 0M + integrated land,passed,d6712ed675f9e3f2819a8245514d1eea593ee4d8,43.502363055555556,1.6792453591666139,0.19564866,,1098.0,790560.0,100.0,amip,1098days,120secs,16.0,63.0,Float32,1098.0,1.0,
2026-06-13 15:52:09.401000+00:00,climacoupler-amip,284,failed,Current AMIP: progedmf + 0M + integrated land,passed,72d9d9331b3a090b015267bde4f7b82b1a662b90,41.489694166666666,1.7649840387084137,0.18614452,,1098.0,790560.0,100.0,amip,1098days,120secs,16.0,63.0,Float32,1098.0,1.0,
2026-06-14 05:14:04.969000+00:00,climacoupler-cpu-gpu-benchmarks,323,failed,GPU AMIP with prognostic EDMF + 1M + integrated land (16 helems),passed,72d9d9331b3a090b015267bde4f7b82b1a662b90,0.48365416666666666,0.2588365902558059,0.31732577,,0.01388888888888889,40.0,100.0,gpu_amip_progedmf_1M_land_he16,1200secs,30secs,16.0,63.0,Float32,0.013888888888888888,1.0,
2026-06-14 05:14:04.974000+00:00,climacoupler-cpu-gpu-benchmarks,323,failed,GPU ClimaAtmos without EDMF,passed,72d9d9331b3a090b015267bde4f7b82b1a662b90,0.1650786111111111,0.7339483095010123,,,0.4875,351.0,97.5,,,,,,,,0.975,
2026-06-14 05:14:04.978000+00:00,climacoupler-cpu-gpu-benchmarks,323,failed,GPU ClimaAtmos with prognostic EDMF,passed,72d9d9331b3a090b015267bde4f7b82b1a662b90,0.21725472222222222,0.6278616459556144,,,0.4875,351.0,97.5,,,,,,,,0.975,
2026-06-14 05:14:04.997000+00:00,climacoupler-cpu-gpu-benchmarks,323,failed,GPU AMIP with prognostic EDMF and IO,failed,72d9d9331b3a090b015267bde4f7b82b1a662b90,0.45482,0.2852752890764659,1.1516669,,0.5,360.0,100.0,gpu_amip_progedmf_io,12hours,120secs,30.0,63.0,Float32,0.5,1.0,"InexactError: convert(UInt64, -9223372036854775481)"
2026-06-14 05:14:05.016000+00:00,climacoupler-cpu-gpu-benchmarks,323,failed,GPU AMIP with prognostic EDMF,passed,72d9d9331b3a090b015267bde4f7b82b1a662b90,0.33554944444444446,0.7517493948508477,0.43703672,,0.5,360.0,100.0,gpu_amip_progedmf,12hours,120secs,30.0,63.0,Float32,0.5,1.0,
2026-06-14 05:14:05.020000+00:00,climacoupler-cpu-gpu-benchmarks,323,failed,GPU AMIP with prognostic EDMF + 1M + integrated land (30 helems),passed,72d9d9331b3a090b015267bde4f7b82b1a662b90,0.4929975,0.07598738998880986,1.08091,,0.01388888888888889,40.0,100.0,gpu_amip_progedmf_1M_land_he30,1200secs,30secs,30.0,63.0,Float32,0.013888888888888888,1.0,
2026-06-14 08:52:04.538000+00:00,climacoupler-longruns,1135,failed,GPU AMIP + prog. EDMF + integrated land,passed,72d9d9331b3a090b015267bde4f7b82b1a662b90,14.672670277777778,1.703714746665478,0.19283867,,366.0,263520.0,100.0,amip_progedmf_land,366days,120secs,16.0,63.0,Float32,366.0,1.0,
2026-06-14 08:52:04.572000+00:00,climacoupler-longruns,1135,failed,GPU AMIP + prog. EDMF + integrated land + 2K SST,passed,72d9d9331b3a090b015267bde4f7b82b1a662b90,14.903541944444443,1.6799213831510151,0.19556992,,366.0,263520.0,100.0,amip_progedmf_land_p2k,366days,120secs,16.0,63.0,Float32,366.0,1.0,
2026-06-14 08:52:04.612000+00:00,climacoupler-longruns,1135,failed,GPU AMIP + diag. EDMF + integrated land,passed,72d9d9331b3a090b015267bde4f7b82b1a662b90,26.428879722222224,0.9258302008737889,0.35486215,,366.0,263520.0,100.0,amip_diagedmf_land,366days,120secs,16.0,63.0,Float32,366.0,1.0,
2026-06-14 08:52:04.641000+00:00,climacoupler-longruns,1135,failed,GPU AMIP + ED only,passed,72d9d9331b3a090b015267bde4f7b82b1a662b90,13.629054166666666,1.8131859609246848,0.18119603,,366.0,263520.0,100.0,amip_edonly,366days,120secs,16.0,63.0,Float32,366.0,1.0,
2026-06-14 08:52:04.817000+00:00,climacoupler-longruns,1135,failed,GPU AMIP + prog. EDMF + 1M + integrated land,passed,72d9d9331b3a090b015267bde4f7b82b1a662b90,23.65508555555556,0.5309134515658712,0.6188242,,186.0,133920.0,100.0,amip_progedmf_1m_land,186days,120secs,16.0,63.0,Float32,186.0,1.0,
2026-06-14 08:52:04.846000+00:00,climacoupler-longruns,1135,failed,GPU CMIP: ED only + bucket,passed,72d9d9331b3a090b015267bde4f7b82b1a662b90,22.078525833333334,1.124697734192299,0.8763477,,366.0,263520.0,100.0,cmip_edonly_bucket,366days,,16.0,63.0,Float64,366.0,1.0,
2026-06-14 08:52:04.887000+00:00,climacoupler-longruns,1135,failed,GPU CMIP: ED only + integrated land,passed,72d9d9331b3a090b015267bde4f7b82b1a662b90,22.589638333333333,1.1034624360720664,0.8932124,,366.0,263520.0,100.0,cmip_edonly_land,366days,,16.0,63.0,Float64,366.0,1.0,
2026-06-14 08:52:04.903000+00:00,climacoupler-longruns,1135,failed,GPU CMIP: prog. EDMF + integrated land,passed,72d9d9331b3a090b015267bde4f7b82b1a662b90,12.426045833333333,1.0572563086334148,0.9322491,,186.0,133920.0,100.0,cmip_progedmf_land,186days,,16.0,63.0,Float64,186.0,1.0,
2026-06-14 08:52:07.914000+00:00,climacoupler-longruns,1135,failed,"Slabplanet: evolving slab ocean, bucket",failed,72d9d9331b3a090b015267bde4f7b82b1a662b90,30.048110555555557,,,,6.0,2160.0,60.0,slabplanet_evolve_ocean,10days,240secs,8.0,63.0,Float64,10.0,0.6,
2026-06-14 08:52:08.010000+00:00,climacoupler-longruns,1135,failed,Aquaplanet: evolving slab ocean,failed,72d9d9331b3a090b015267bde4f7b82b1a662b90,30.065265555555555,,,,6.0,2160.0,60.0,slabplanet_aqua_evolve_ocean,10days,240secs,8.0,63.0,Float64,10.0,0.6,
2026-06-20 17:29:00.471000+00:00,climacoupler-amip,285,passed,Current AMIP: progedmf + 0M + integrated land,passed,22dc1cbb64a52988cd484957d0cff4942b17664a,41.408991111111106,1.7653236776586942,0.1861087,,1098.0,790560.0,100.0,amip,1098days,120secs,16.0,63.0,Float32,1098.0,1.0,
2026-06-21 05:14:05.036000+00:00,climacoupler-cpu-gpu-benchmarks,324,failed,GPU AMIP with prognostic EDMF and IO,failed,22dc1cbb64a52988cd484957d0cff4942b17664a,0.48079750000000004,0.2511636512505249,1.3080798,,0.5,360.0,100.0,gpu_amip_progedmf_io,12hours,120secs,30.0,63.0,Float32,0.5,1.0,"InexactError: convert(UInt64, -9223372036854775481)"
2026-06-21 05:14:05.041000+00:00,climacoupler-cpu-gpu-benchmarks,324,failed,GPU ClimaAtmos without EDMF,passed,22dc1cbb64a52988cd484957d0cff4942b17664a,0.1709238888888889,0.7344837972313217,,,0.4875,351.0,97.5,,,,,,,,0.975,
2026-06-21 05:14:05.071000+00:00,climacoupler-cpu-gpu-benchmarks,324,failed,GPU AMIP with prognostic EDMF + 1M + integrated land (16 helems),passed,22dc1cbb64a52988cd484957d0cff4942b17664a,0.49396166666666663,0.18036909037588858,0.45537472,,0.01388888888888889,40.0,100.0,gpu_amip_progedmf_1M_land_he16,1200secs,30secs,16.0,63.0,Float32,0.013888888888888888,1.0,
2026-06-21 05:14:05.105000+00:00,climacoupler-cpu-gpu-benchmarks,324,failed,GPU ClimaAtmos with prognostic EDMF,passed,22dc1cbb64a52988cd484957d0cff4942b17664a,0.22099583333333334,0.6289993862971025,,,0.4875,351.0,97.5,,,,,,,,0.975,
2026-06-21 05:14:05.108000+00:00,climacoupler-cpu-gpu-benchmarks,324,failed,GPU AMIP with prognostic EDMF,passed,22dc1cbb64a52988cd484957d0cff4942b17664a,0.3512091666666667,0.7420855048414412,0.44272807,,0.5,360.0,100.0,gpu_amip_progedmf,12hours,120secs,30.0,63.0,Float32,0.5,1.0,
2026-06-21 05:14:05.292000+00:00,climacoupler-cpu-gpu-benchmarks,324,failed,GPU AMIP with prognostic EDMF + 1M + integrated land (30 helems),passed,22dc1cbb64a52988cd484957d0cff4942b17664a,0.5127066666666666,0.052647454354475924,1.5601044,,0.01388888888888889,40.0,100.0,gpu_amip_progedmf_1M_land_he30,1200secs,30secs,30.0,63.0,Float32,0.013888888888888888,1.0,
2026-06-21 08:31:03.993000+00:00,climacoupler-longruns,1139,failed,GPU CMIP: ED only + integrated land,passed,22dc1cbb64a52988cd484957d0cff4942b17664a,22.686877222222222,1.1005102021540056,0.8956085,,366.0,263520.0,100.0,cmip_edonly_land,366days,,16.0,63.0,Float64,366.0,1.0,
2026-06-21 08:31:04.016000+00:00,climacoupler-longruns,1139,failed,GPU CMIP: ED only + bucket,passed,22dc1cbb64a52988cd484957d0cff4942b17664a,22.087254444444444,1.1251503872590736,0.87599516,,366.0,263520.0,100.0,cmip_edonly_bucket,366days,,16.0,63.0,Float64,366.0,1.0,
2026-06-21 08:31:04.016000+00:00,climacoupler-longruns,1139,failed,GPU AMIP + prog. EDMF + integrated land,passed,22dc1cbb64a52988cd484957d0cff4942b17664a,14.580825,1.7078312813969978,0.19237386,,366.0,263520.0,100.0,amip_progedmf_land,366days,120secs,16.0,63.0,Float32,366.0,1.0,
2026-06-21 08:31:04.035000+00:00,climacoupler-longruns,1139,failed,GPU CMIP: prog. EDMF + integrated land,passed,22dc1cbb64a52988cd484957d0cff4942b17664a,12.466637777777779,1.0576822171776763,0.93187374,,186.0,133920.0,100.0,cmip_progedmf_land,186days,,16.0,63.0,Float64,186.0,1.0,
2026-06-21 08:31:04.076000+00:00,climacoupler-longruns,1139,failed,GPU AMIP + ED only,passed,22dc1cbb64a52988cd484957d0cff4942b17664a,13.628716666666666,1.8147596638865815,0.1810389,,366.0,263520.0,100.0,amip_edonly,366days,120secs,16.0,63.0,Float32,366.0,1.0,
2026-06-21 08:31:04.156000+00:00,climacoupler-longruns,1139,failed,GPU AMIP + prog. EDMF + integrated land + 2K SST,passed,22dc1cbb64a52988cd484957d0cff4942b17664a,14.591700833333332,1.7059193486309758,0.19258946,,366.0,263520.0,100.0,amip_progedmf_land_p2k,366days,120secs,16.0,63.0,Float32,366.0,1.0,
2026-06-21 08:31:04.159000+00:00,climacoupler-longruns,1139,failed,GPU AMIP + prog. EDMF + 1M + integrated land,passed,22dc1cbb64a52988cd484957d0cff4942b17664a,22.94393722222222,0.5478137827642272,0.5997332,,186.0,133920.0,100.0,amip_progedmf_1m_land,186days,120secs,16.0,63.0,Float32,186.0,1.0,
2026-06-21 08:31:07.073000+00:00,climacoupler-longruns,1139,failed,Aquaplanet: evolving slab ocean,passed,22dc1cbb64a52988cd484957d0cff4942b17664a,24.37799138888889,0.013700946070559926,47.95903768453056,,5.0,1800.0,100.0,slabplanet_aqua_evolve_ocean,5days,240secs,8.0,63.0,Float64,5.0,1.0,
2026-06-21 08:31:07.135000+00:00,climacoupler-longruns,1139,failed,"Slabplanet: evolving slab ocean, bucket",passed,22dc1cbb64a52988cd484957d0cff4942b17664a,24.772039444444445,0.013518567086849181,48.60605304469833,,5.0,1800.0,100.0,slabplanet_evolve_ocean,5days,240secs,8.0,63.0,Float64,5.0,1.0,
2026-06-27 15:32:10.612000+00:00,climacoupler-amip,289,passed,Current AMIP: progedmf + 0M + integrated land,passed,44b752688ae2719d8e436534e956fc6ff4486376,41.42966694444445,1.7660902198035116,0.18602793,,1098.0,790560.0,100.0,amip,1098days,120secs,16.0,63.0,Float32,1098.0,1.0,
2026-06-28 05:15:04.718000+00:00,climacoupler-cpu-gpu-benchmarks,325,passed,GPU AMIP with prognostic EDMF,passed,44b752688ae2719d8e436534e956fc6ff4486376,0.3727597222222222,0.6974219887201084,0.47108078,,0.5,360.0,100.0,gpu_amip_progedmf,12hours,120secs,30.0,63.0,Float32,0.5,1.0,
2026-06-28 05:15:04.719000+00:00,climacoupler-cpu-gpu-benchmarks,325,passed,GPU ClimaAtmos with prognostic EDMF,passed,44b752688ae2719d8e436534e956fc6ff4486376,0.2341272222222222,0.6268860484442872,,,0.4875,351.0,97.5,,,,,,,,0.975,
2026-06-28 05:15:04.740000+00:00,climacoupler-cpu-gpu-benchmarks,325,passed,GPU AMIP with prognostic EDMF + 1M + integrated land (30 helems),passed,44b752688ae2719d8e436534e956fc6ff4486376,0.5466466666666667,0.07803907076653403,1.0524924,,0.01388888888888889,40.0,100.0,gpu_amip_progedmf_1M_land_he30,1200secs,30secs,30.0,63.0,Float32,0.013888888888888888,1.0,
2026-06-28 05:15:04.757000+00:00,climacoupler-cpu-gpu-benchmarks,325,passed,GPU AMIP with prognostic EDMF and IO,passed,44b752688ae2719d8e436534e956fc6ff4486376,0.6357025,0.12685564040899264,2.5898895,,0.5,360.0,100.0,gpu_amip_progedmf_io,12hours,120secs,30.0,63.0,Float32,0.5,1.0,
2026-06-28 05:15:04.757000+00:00,climacoupler-cpu-gpu-benchmarks,325,passed,GPU ClimaAtmos without EDMF,passed,44b752688ae2719d8e436534e956fc6ff4486376,0.17670555555555556,0.7352346547348079,,,0.4875,351.0,97.5,,,,,,,,0.975,
2026-06-28 05:15:04.817000+00:00,climacoupler-cpu-gpu-benchmarks,325,passed,GPU AMIP with prognostic EDMF + 1M + integrated land (16 helems),passed,44b752688ae2719d8e436534e956fc6ff4486376,0.5244438888888889,0.2617960148466555,0.31373864,,0.01388888888888889,40.0,100.0,gpu_amip_progedmf_1M_land_he16,1200secs,30secs,16.0,63.0,Float32,0.013888888888888888,1.0,
2026-06-28 08:34:05.025000+00:00,climacoupler-longruns,1153,failed,GPU CMIP: prog. EDMF + integrated land,failed,44b752688ae2719d8e436534e956fc6ff4486376,2.0491172222222223,,,,9.0,6696.0,5.0,cmip_progedmf_land,186days,,16.0,63.0,Float64,186.0,0.05,AssertionError: minimum((ice_fraction .+ land_fraction) .+ ocean_fraction) ≈ FT(1)
2026-06-28 08:34:05.030000+00:00,climacoupler-longruns,1153,failed,GPU AMIP + ED only,passed,44b752688ae2719d8e436534e956fc6ff4486376,13.624760555555556,1.819446272627729,0.18057257,,366.0,263520.0,100.0,amip_edonly,366days,120secs,16.0,63.0,Float32,366.0,1.0,
2026-06-28 08:34:05.074000+00:00,climacoupler-longruns,1153,failed,GPU AMIP + prog. EDMF + 1M + integrated land,passed,44b752688ae2719d8e436534e956fc6ff4486376,22.242369444444446,0.5658028841813458,0.5806653,,186.0,133920.0,100.0,amip_progedmf_1m_land,186days,120secs,16.0,63.0,Float32,186.0,1.0,
2026-06-28 08:34:05.092000+00:00,climacoupler-longruns,1153,failed,GPU CMIP: ED only + integrated land,failed,44b752688ae2719d8e436534e956fc6ff4486376,3.5034836111111107,,,,36.0,26352.0,10.0,cmip_edonly_land,366days,,16.0,63.0,Float64,366.0,0.1,AssertionError: minimum((ice_fraction .+ land_fraction) .+ ocean_fraction) ≈ FT(1)
2026-06-28 08:34:05.229000+00:00,climacoupler-longruns,1153,failed,GPU AMIP + prog. EDMF + integrated land,passed,44b752688ae2719d8e436534e956fc6ff4486376,14.660530277777777,1.7019974567459233,0.19303325,,366.0,263520.0,100.0,amip_progedmf_land,366days,120secs,16.0,63.0,Float32,366.0,1.0,
2026-06-28 08:34:05.327000+00:00,climacoupler-longruns,1153,failed,GPU AMIP + prog. EDMF + integrated land + 2K SST,passed,44b752688ae2719d8e436534e956fc6ff4486376,14.778572777777779,1.6914296574328869,0.19423929,,366.0,263520.0,100.0,amip_progedmf_land_p2k,366days,120secs,16.0,63.0,Float32,366.0,1.0,
2026-06-28 08:34:05.342000+00:00,climacoupler-longruns,1153,failed,GPU CMIP: ED only + bucket,failed,44b752688ae2719d8e436534e956fc6ff4486376,3.4597627777777777,,,,36.0,26352.0,10.0,cmip_edonly_bucket,366days,,16.0,63.0,Float64,366.0,0.1,AssertionError: minimum((ice_fraction .+ land_fraction) .+ ocean_fraction) ≈ FT(1)
2026-06-28 08:34:09.472000+00:00,climacoupler-longruns,1153,failed,Aquaplanet: evolving slab ocean,passed,44b752688ae2719d8e436534e956fc6ff4486376,15.355104722222222,0.02177950447904566,30.169841078978333,,5.0,1800.0,100.0,slabplanet_aqua_evolve_ocean,5days,240secs,8.0,63.0,Float64,5.0,1.0,
2026-06-28 08:34:09.540000+00:00,climacoupler-longruns,1153,failed,"Slabplanet: evolving slab ocean, bucket",passed,44b752688ae2719d8e436534e956fc6ff4486376,15.372188055555556,0.02176356624634853,30.191935525362222,,5.0,1800.0,100.0,slabplanet_evolve_ocean,5days,240secs,8.0,63.0,Float64,5.0,1.0,
2026-07-04 15:25:08.477000+00:00,climacoupler-amip,290,failed,Current AMIP: progedmf + 0M + integrated land,failed,9fbd393cbfa79842c04beef62ab5693e71fb9d6b,41.20545805555556,1.7653836716282023,0.18610238,,1098.0,790560.0,100.0,amip,1098days,120secs,16.0,63.0,Float32,1098.0,1.0,UndefVarError: `Dates` not defined in `ClimaCoupler.Plotting`
2026-07-05 05:14:05.054000+00:00,climacoupler-cpu-gpu-benchmarks,326,failed,GPU ClimaAtmos without EDMF,passed,e1dcb7e8e4c4d3721703395c333135f5e3beb15a,0.18207,0.5864700091737546,,,0.4875,351.0,97.5,,,,,,,,0.975,
2026-07-05 05:14:05.056000+00:00,climacoupler-cpu-gpu-benchmarks,326,failed,GPU AMIP with prognostic EDMF + 1M + integrated land (16 helems),passed,e1dcb7e8e4c4d3721703395c333135f5e3beb15a,0.5018286111111111,0.1922016725084622,0.42734033,,0.01388888888888889,40.0,100.0,gpu_amip_progedmf_1M_land_he16,1200secs,30secs,16.0,63.0,Float32,0.013888888888888888,1.0,
2026-07-05 05:14:05.057000+00:00,climacoupler-cpu-gpu-benchmarks,326,failed,GPU AMIP with prognostic EDMF,passed,e1dcb7e8e4c4d3721703395c333135f5e3beb15a,0.35621444444444444,0.5128078906186903,0.64067286,,0.5,360.0,100.0,gpu_amip_progedmf,12hours,120secs,30.0,63.0,Float32,0.5,1.0,
2026-07-05 05:14:05.058000+00:00,climacoupler-cpu-gpu-benchmarks,326,failed,GPU ClimaAtmos with prognostic EDMF,passed,e1dcb7e8e4c4d3721703395c333135f5e3beb15a,0.23122444444444445,0.4700682201035063,,,0.4875,351.0,97.5,,,,,,,,0.975,
2026-07-05 05:14:05.106000+00:00,climacoupler-cpu-gpu-benchmarks,326,failed,GPU AMIP with prognostic EDMF + 1M + integrated land (30 helems),passed,e1dcb7e8e4c4d3721703395c333135f5e3beb15a,0.5283044444444445,0.05846911838558856,1.4047676,,0.01388888888888889,40.0,100.0,gpu_amip_progedmf_1M_land_he30,1200secs,30secs,30.0,63.0,Float32,0.013888888888888888,1.0,
2026-07-05 05:25:01.934000+00:00,climacoupler-cpu-gpu-benchmarks,326,failed,GPU AMIP with prognostic EDMF and IO,failed,e1dcb7e8e4c4d3721703395c333135f5e3beb15a,0.5712647222222222,0.1568339809367747,2.09484,,0.5,360.0,100.0,gpu_amip_progedmf_io,12hours,120secs,30.0,63.0,Float32,0.5,1.0,"InexactError: convert(UInt64, -9223372036854775481)"
2026-07-05 08:33:04.980000+00:00,climacoupler-longruns,1160,failed,GPU AMIP + ED only,failed,e1dcb7e8e4c4d3721703395c333135f5e3beb15a,16.977571666666666,1.4401477469070634,0.22813083,,366.0,263520.0,100.0,amip_edonly,366days,120secs,16.0,63.0,Float32,366.0,1.0,UndefVarError: `Dates` not defined in `ClimaCoupler.Plotting`
2026-07-05 08:33:04.990000+00:00,climacoupler-longruns,1160,failed,GPU CMIP: ED only + integrated land,failed,e1dcb7e8e4c4d3721703395c333135f5e3beb15a,2.8274541666666666,,,,18.0,13176.0,5.0,cmip_edonly_land,366days,,16.0,63.0,Float64,366.0,0.05,AssertionError: minimum((ice_fraction .+ land_fraction) .+ ocean_fraction) ≈ FT(1)
2026-07-05 08:33:04.993000+00:00,climacoupler-longruns,1160,failed,GPU AMIP + prog. EDMF + 1M + integrated land,failed,e1dcb7e8e4c4d3721703395c333135f5e3beb15a,26.18938027777778,0.47655641062617876,0.6894086,,186.0,133920.0,100.0,amip_progedmf_1m_land,186days,120secs,16.0,63.0,Float32,186.0,1.0,UndefVarError: `Dates` not defined in `ClimaCoupler.Plotting`
2026-07-05 08:33:05.009000+00:00,climacoupler-longruns,1160,failed,GPU AMIP + prog. EDMF + integrated land + 2K SST,failed,e1dcb7e8e4c4d3721703395c333135f5e3beb15a,18.65538388888889,1.316723864927495,0.2495148,,366.0,263520.0,100.0,amip_progedmf_land_p2k,366days,120secs,16.0,63.0,Float32,366.0,1.0,UndefVarError: `Dates` not defined in `ClimaCoupler.Plotting`
2026-07-05 08:33:05.021000+00:00,climacoupler-longruns,1160,failed,GPU CMIP: prog. EDMF + integrated land,failed,e1dcb7e8e4c4d3721703395c333135f5e3beb15a,17.321281388888888,0.7376493938965679,1.3361717524921595,,186.0,133920.0,100.0,cmip_progedmf_land,186days,,16.0,63.0,Float64,186.0,1.0,UndefVarError: `Dates` not defined in `ClimaCoupler.Plotting`
2026-07-05 08:33:05.026000+00:00,climacoupler-longruns,1160,failed,GPU CMIP: ED only + bucket,failed,e1dcb7e8e4c4d3721703395c333135f5e3beb15a,4.759620555555555,,,,36.0,26352.0,10.0,cmip_edonly_bucket,366days,,16.0,63.0,Float64,366.0,0.1,AssertionError: minimum((ice_fraction .+ land_fraction) .+ ocean_fraction) ≈ FT(1)
2026-07-05 08:33:05.042000+00:00,climacoupler-longruns,1160,failed,GPU AMIP + prog. EDMF + integrated land,failed,e1dcb7e8e4c4d3721703395c333135f5e3beb15a,18.700502222222223,1.3134945464481886,0.25012824,,366.0,263520.0,100.0,amip_progedmf_land,366days,120secs,16.0,63.0,Float32,366.0,1.0,UndefVarError: `Dates` not defined in `ClimaCoupler.Plotting`
2026-07-05 08:33:07.732000+00:00,climacoupler-longruns,1160,failed,Aquaplanet: evolving slab ocean,passed,e1dcb7e8e4c4d3721703395c333135f5e3beb15a,19.72161277777778,0.016897017256777187,38.88758465037111,,5.0,1800.0,100.0,slabplanet_aqua_evolve_ocean,5days,240secs,8.0,63.0,Float64,5.0,1.0,
2026-07-05 08:33:07.733000+00:00,climacoupler-longruns,1160,failed,"Slabplanet: evolving slab ocean, bucket",passed,e1dcb7e8e4c4d3721703395c333135f5e3beb15a,20.23562527777778,0.016465649373071153,39.90636348581166,,5.0,1800.0,100.0,slabplanet_evolve_ocean,5days,240secs,8.0,63.0,Float64,5.0,1.0,
2026-07-11 15:26:10.417000+00:00,climacoupler-amip,291,passed,Current AMIP: progedmf + 0M + integrated land,passed,ae5a924385685788985984befd691dd21446dcfc,33.66131611111111,2.1839270090133462,0.15043639,,1098.0,790560.0,100.0,amip,1098days,120secs,16.0,63.0,Float32,1098.0,1.0,
2026-07-12 05:15:05.006000+00:00,climacoupler-cpu-gpu-benchmarks,327,failed,GPU ClimaAtmos with prognostic EDMF,passed,ae5a924385685788985984befd691dd21446dcfc,0.21197833333333332,0.7208810129338024,,,0.4875,351.0,97.5,,,,,,,,0.975,
2026-07-12 05:15:05.021000+00:00,climacoupler-cpu-gpu-benchmarks,327,failed,GPU ClimaAtmos without EDMF,passed,ae5a924385685788985984befd691dd21446dcfc,0.1660861111111111,0.7981204630970499,,,0.4875,351.0,97.5,,,,,,,,0.975,
2026-07-12 05:15:05.036000+00:00,climacoupler-cpu-gpu-benchmarks,327,failed,GPU AMIP with prognostic EDMF + 1M + integrated land (16 helems),passed,ae5a924385685788985984befd691dd21446dcfc,0.5809705555555555,0.30269922757623896,0.27134368,,0.01388888888888889,40.0,100.0,gpu_amip_progedmf_1M_land_he16,1200secs,30secs,16.0,63.0,Float32,0.013888888888888888,1.0,
2026-07-12 05:15:05.097000+00:00,climacoupler-cpu-gpu-benchmarks,327,failed,GPU AMIP with prognostic EDMF + 1M + integrated land (30 helems),passed,ae5a924385685788985984befd691dd21446dcfc,0.602575,0.10498074067663146,0.7823866,,0.01388888888888889,40.0,100.0,gpu_amip_progedmf_1M_land_he30,1200secs,30secs,30.0,63.0,Float32,0.013888888888888888,1.0,
2026-07-12 05:25:04.848000+00:00,climacoupler-cpu-gpu-benchmarks,327,failed,GPU AMIP with prognostic EDMF,passed,ae5a924385685788985984befd691dd21446dcfc,0.42793444444444445,0.8967411208445538,0.3663734,,0.5,360.0,100.0,gpu_amip_progedmf,12hours,120secs,30.0,63.0,Float32,0.5,1.0,
2026-07-12 05:27:49.827000+00:00,climacoupler-cpu-gpu-benchmarks,327,failed,GPU AMIP with prognostic EDMF and IO,failed,ae5a924385685788985984befd691dd21446dcfc,0.5810033333333333,0.30709059612614503,1.069854,,0.5,360.0,100.0,gpu_amip_progedmf_io,12hours,120secs,30.0,63.0,Float32,0.5,1.0,"InexactError: convert(UInt64, -9223372036854775481)"
2026-07-12 08:32:05.078000+00:00,climacoupler-longruns,1173,failed,GPU CMIP: ED only + integrated land,passed,ae5a924385685788985984befd691dd21446dcfc,27.399710277777775,0.9028389091062007,1.091696728426685,,366.0,263520.0,100.0,cmip_edonly_land,366days,,16.0,63.0,Float64,366.0,1.0,
2026-07-12 08:32:05.100000+00:00,climacoupler-longruns,1173,failed,GPU AMIP + prog. EDMF + 1M + integrated land,passed,ae5a924385685788985984befd691dd21446dcfc,11.476406666666666,1.1248721030509896,0.29207063,,186.0,133920.0,100.0,amip_progedmf_1m_land,186days,120secs,16.0,63.0,Float32,186.0,1.0,
2026-07-12 08:32:05.138000+00:00,climacoupler-longruns,1173,failed,GPU AMIP + prog. EDMF + integrated land + 2K SST,passed,ae5a924385685788985984befd691dd21446dcfc,13.080227222222222,1.911761827496628,0.17185305,,366.0,263520.0,100.0,amip_progedmf_land_p2k,366days,120secs,16.0,63.0,Float32,366.0,1.0,
2026-07-12 08:32:05.197000+00:00,climacoupler-longruns,1173,failed,GPU AMIP + ED only,passed,ae5a924385685788985984befd691dd21446dcfc,12.28872,2.018532111366766,0.16276288,,366.0,263520.0,100.0,amip_edonly,366days,120secs,16.0,63.0,Float32,366.0,1.0,
2026-07-12 08:32:05.261000+00:00,climacoupler-longruns,1173,failed,GPU CMIP: ED only + bucket,passed,ae5a924385685788985984befd691dd21446dcfc,26.746566944444446,0.9228876803115416,1.0679807569159836,,366.0,263520.0,100.0,cmip_edonly_bucket,366days,,16.0,63.0,Float64,366.0,1.0,
2026-07-12 08:32:05.270000+00:00,climacoupler-longruns,1173,failed,GPU AMIP + prog. EDMF + integrated land,passed,ae5a924385685788985984befd691dd21446dcfc,13.326757777777779,1.8768881692778026,0.17504618,,366.0,263520.0,100.0,amip_progedmf_land,366days,120secs,16.0,63.0,Float32,366.0,1.0,
2026-07-12 08:32:09.264000+00:00,climacoupler-longruns,1173,failed,Aquaplanet: evolving slab ocean,passed,ae5a924385685788985984befd691dd21446dcfc,11.649406666666668,0.028834524831575933,22.78810532685278,,5.0,1800.0,100.0,slabplanet_aqua_evolve_ocean,5days,240secs,8.0,63.0,Float64,5.0,1.0,
2026-07-12 08:32:09.306000+00:00,climacoupler-longruns,1173,failed,"Slabplanet: evolving slab ocean, bucket",passed,ae5a924385685788985984befd691dd21446dcfc,11.652262499999999,0.028849792446922654,22.77604562045278,,5.0,1800.0,100.0,slabplanet_evolve_ocean,5days,240secs,8.0,63.0,Float64,5.0,1.0,
2026-07-12 13:08:12.871000+00:00,climacoupler-longruns,1173,failed,GPU CMIP: prog. EDMF + integrated land,passed,ae5a924385685788985984befd691dd21446dcfc,14.604330833333334,0.8842163580260936,1.1146890400985663,,186.0,133920.0,100.0,cmip_progedmf_land,186days,,16.0,63.0,Float64,186.0,1.0,
2026-07-18 15:26:16.597000+00:00,climacoupler-amip,292,failed,Current AMIP: progedmf + 0M + integrated land,failed,5cb5960bc4e3aaf052f6a1af5f78e19a0aa3ea05,0.46855444444444444,,,,1.4166666666666665,1024.0,0.1,amip,1098days,120secs,16.0,63.0,Float32,1098.0,0.001,Found NaN
2026-07-19 05:19:04.973000+00:00,climacoupler-cpu-gpu-benchmarks,328,passed,GPU ClimaAtmos without EDMF,passed,5cb5960bc4e3aaf052f6a1af5f78e19a0aa3ea05,0.16331527777777777,0.8549103447355806,,,0.4875,351.0,97.5,,,,,,,,0.975,
2026-07-19 05:19:05.013000+00:00,climacoupler-cpu-gpu-benchmarks,328,passed,GPU AMIP with prognostic EDMF + 1M + integrated land (16 helems),passed,5cb5960bc4e3aaf052f6a1af5f78e19a0aa3ea05,0.4823627777777778,0.36871237394516254,0.22276314,,0.01388888888888889,40.0,100.0,gpu_amip_progedmf_1M_land_he16,1200secs,30secs,16.0,63.0,Float32,0.013888888888888888,1.0,
2026-07-19 05:19:05.067000+00:00,climacoupler-cpu-gpu-benchmarks,328,passed,GPU AMIP with prognostic EDMF + 1M + integrated land (30 helems),passed,5cb5960bc4e3aaf052f6a1af5f78e19a0aa3ea05,0.5014544444444444,0.10992820240371336,0.74717426,,0.01388888888888889,40.0,100.0,gpu_amip_progedmf_1M_land_he30,1200secs,30secs,30.0,63.0,Float32,0.013888888888888888,1.0,
2026-07-19 05:28:54.873000+00:00,climacoupler-cpu-gpu-benchmarks,328,passed,GPU ClimaAtmos with prognostic EDMF,passed,5cb5960bc4e3aaf052f6a1af5f78e19a0aa3ea05,0.20360027777777778,0.784564313052272,,,0.4875,351.0,97.5,,,,,,,,0.975,
2026-07-19 05:41:09.833000+00:00,climacoupler-cpu-gpu-benchmarks,328,passed,GPU AMIP with prognostic EDMF,passed,5cb5960bc4e3aaf052f6a1af5f78e19a0aa3ea05,0.33722416666666666,1.0334690655560654,0.3179022,,0.5,360.0,100.0,gpu_amip_progedmf,12hours,120secs,30.0,63.0,Float32,0.5,1.0,
2026-07-19 05:48:02.914000+00:00,climacoupler-cpu-gpu-benchmarks,328,passed,GPU AMIP with prognostic EDMF and IO,passed,5cb5960bc4e3aaf052f6a1af5f78e19a0aa3ea05,0.40404111111111113,0.4424082216125942,0.742622,,0.5,360.0,100.0,gpu_amip_progedmf_io,12hours,120secs,30.0,63.0,Float32,0.5,1.0,
2026-07-19 08:46:04+00:00,climacoupler-longruns,1182,failed,GPU AMIP + prog. EDMF + integrated land,failed,5cb5960bc4e3aaf052f6a1af5f78e19a0aa3ea05,0.5834633333333333,,,,1.4166666666666665,1024.0,0.4,amip_progedmf_land,366days,120secs,16.0,63.0,Float32,366.0,0.004,Found NaN
2026-07-19 08:46:04.007000+00:00,climacoupler-longruns,1182,failed,GPU AMIP + prog. EDMF + integrated land + 2K SST,failed,5cb5960bc4e3aaf052f6a1af5f78e19a0aa3ea05,0.579225,,,,1.4166666666666665,1024.0,0.4,amip_progedmf_land_p2k,366days,120secs,16.0,63.0,Float32,366.0,0.004,Found NaN
2026-07-19 08:46:04.035000+00:00,climacoupler-longruns,1182,failed,GPU AMIP + ED only,passed,5cb5960bc4e3aaf052f6a1af5f78e19a0aa3ea05,11.816214722222222,2.106839390686235,0.15594074,,366.0,263520.0,100.0,amip_edonly,366days,120secs,16.0,63.0,Float32,366.0,1.0,
2026-07-19 08:46:08.159000+00:00,climacoupler-longruns,1182,failed,Aquaplanet: evolving slab ocean,passed,5cb5960bc4e3aaf052f6a1af5f78e19a0aa3ea05,11.095211666666668,0.030294352442728913,21.68998958317111,,5.0,1800.0,100.0,slabplanet_aqua_evolve_ocean,5days,240secs,8.0,63.0,Float64,5.0,1.0,
2026-07-19 08:46:08.202000+00:00,climacoupler-longruns,1182,failed,"Slabplanet: evolving slab ocean, bucket",passed,5cb5960bc4e3aaf052f6a1af5f78e19a0aa3ea05,11.092495000000001,0.03032433307559182,21.668545430949443,,5.0,1800.0,100.0,slabplanet_evolve_ocean,5days,240secs,8.0,63.0,Float64,5.0,1.0,
2026-07-19 09:20:50.980000+00:00,climacoupler-longruns,1182,failed,GPU AMIP + prog. EDMF + 1M + integrated land,failed,5cb5960bc4e3aaf052f6a1af5f78e19a0aa3ea05,1.3870027777777778,,,,11.0,8192.0,6.1,amip_progedmf_1m_land,186days,120secs,16.0,63.0,Float32,186.0,0.061,Found NaN
2026-07-19 09:21:05.882000+00:00,climacoupler-longruns,1182,failed,GPU CMIP: ED only + bucket,failed,5cb5960bc4e3aaf052f6a1af5f78e19a0aa3ea05,3.656149444444445,,,,36.0,26352.0,10.0,cmip_edonly_bucket,366days,,16.0,63.0,Float64,366.0,0.1,AssertionError: minimum((ice_fraction .+ land_fraction) .+ ocean_fraction) ≈ FT(1)
2026-07-19 09:45:39.735000+00:00,climacoupler-longruns,1182,failed,GPU CMIP: ED only + integrated land,passed,5cb5960bc4e3aaf052f6a1af5f78e19a0aa3ea05,27.127581388888892,0.9133842077825877,1.0790927,,366.0,263520.0,100.0,cmip_edonly_land,366days,,16.0,63.0,Float64,366.0,1.0,
2026-07-19 09:45:39.850000+00:00,climacoupler-longruns,1182,failed,GPU CMIP: prog. EDMF + integrated land,passed,5cb5960bc4e3aaf052f6a1af5f78e19a0aa3ea05,14.68599388888889,0.8834549985167297,1.1156497,,186.0,133920.0,100.0,cmip_progedmf_land,186days,,16.0,63.0,Float64,186.0,1.0,
2026-07-25 15:28:02.934000+00:00,climacoupler-amip,295,passed,Current AMIP: progedmf + 1M + integrated land,passed,b58590c1de71629757ca9dced89fadbf496a21e1,33.239042222222224,1.4739302307603304,0.22290206,2011-12-22T00:00:00,719.0,518400.0,98.4,amip,732days,120secs,16.0,63.0,Float32,732.0,0.9840000000000001,
2026-07-26 05:17:05.994000+00:00,climacoupler-cpu-gpu-benchmarks,329,passed,GPU ClimaAtmos without EDMF,passed,b58590c1de71629757ca9dced89fadbf496a21e1,0.17363638888888888,0.8551002521164599,,,0.4875,351.0,97.5,,,,,,,,0.975,
2026-07-26 05:17:06.001000+00:00,climacoupler-cpu-gpu-benchmarks,329,passed,GPU AMIP with prognostic EDMF + 1M + integrated land (16 helems),passed,b58590c1de71629757ca9dced89fadbf496a21e1,0.5375655555555556,0.3408849250080412,0.24094795,2010-01-01T00:20:00,0.01388888888888889,40.0,100.0,gpu_amip_progedmf_1M_land_he16,1200secs,30secs,16.0,63.0,Float32,0.013888888888888888,1.0,
2026-07-26 05:17:06.016000+00:00,climacoupler-cpu-gpu-benchmarks,329,passed,GPU AMIP with prognostic EDMF,passed,b58590c1de71629757ca9dced89fadbf496a21e1,0.3566172222222222,1.0018399676592924,0.3279387,2010-01-01T12:00:00,0.5,360.0,100.0,gpu_amip_progedmf,12hours,120secs,30.0,63.0,Float32,0.5,1.0,
2026-07-26 05:17:06.108000+00:00,climacoupler-cpu-gpu-benchmarks,329,passed,GPU AMIP with prognostic EDMF + 1M + integrated land (30 helems),passed,b58590c1de71629757ca9dced89fadbf496a21e1,0.5341891666666666,0.1006024619708152,0.8164365,2010-01-01T00:20:00,0.01388888888888889,40.0,100.0,gpu_amip_progedmf_1M_land_he30,1200secs,30secs,30.0,63.0,Float32,0.013888888888888888,1.0,
2026-07-26 05:17:06.128000+00:00,climacoupler-cpu-gpu-benchmarks,329,passed,GPU ClimaAtmos with prognostic EDMF,passed,b58590c1de71629757ca9dced89fadbf496a21e1,0.2117438888888889,0.7718188513908993,,,0.4875,351.0,97.5,,,,,,,,0.975,
2026-07-26 05:27:32.975000+00:00,climacoupler-cpu-gpu-benchmarks,329,passed,GPU AMIP with prognostic EDMF and IO,passed,b58590c1de71629757ca9dced89fadbf496a21e1,0.4671675,0.40896585196664276,0.8033485,2010-01-01T12:00:00,0.5,360.0,100.0,gpu_amip_progedmf_io,12hours,120secs,30.0,63.0,Float32,0.5,1.0,
2026-07-26 08:39:04.991000+00:00,climacoupler-longruns,1184,failed,GPU CMIP: ED only + integrated land,failed,b58590c1de71629757ca9dced89fadbf496a21e1,0.23583416666666668,,,,,,,cmip_edonly_land,366days,,16.0,63.0,Float64,366.0,,UndefVarError: `ORCA1` not defined in `ClimaOcean.OceanConfigurations`
2026-07-26 08:39:05.026000+00:00,climacoupler-longruns,1184,failed,GPU CMIP: ED only + bucket,failed,b58590c1de71629757ca9dced89fadbf496a21e1,0.16308277777777777,,,,,,,cmip_edonly_bucket,366days,,16.0,63.0,Float64,366.0,,UndefVarError: `ORCA1` not defined in `ClimaOcean.OceanConfigurations`
2026-07-26 08:39:05.040000+00:00,climacoupler-longruns,1184,failed,GPU AMIP + prog. EDMF + 1M + integrated land,passed,b58590c1de71629757ca9dced89fadbf496a21e1,18.577961666666667,1.337662161546639,0.24560916,2010-12-27T00:00:00,360.0,259200.0,98.4,amip_progedmf_1m_land,366days,120secs,16.0,63.0,Float32,366.0,0.9840000000000001,
2026-07-26 08:39:05.048000+00:00,climacoupler-longruns,1184,failed,GPU AMIP + prog. EDMF + integrated land + 2K SST,passed,b58590c1de71629757ca9dced89fadbf496a21e1,12.818407777777777,1.9705922811366965,0.1667225,2010-12-27T00:00:00,360.0,259200.0,98.4,amip_progedmf_land_p2k,366days,120secs,16.0,63.0,Float32,366.0,0.9840000000000001,
2026-07-26 08:39:05.101000+00:00,climacoupler-longruns,1184,failed,GPU AMIP + prog. EDMF + integrated land,passed,b58590c1de71629757ca9dced89fadbf496a21e1,12.843532499999998,1.9657615966012483,0.16713221,2010-12-27T00:00:00,360.0,259200.0,98.4,amip_progedmf_land,366days,120secs,16.0,63.0,Float32,366.0,0.9840000000000001,
2026-07-26 08:39:05.114000+00:00,climacoupler-longruns,1184,failed,GPU AMIP + ED only,passed,b58590c1de71629757ca9dced89fadbf496a21e1,11.870526111111111,2.102400937879275,0.15626995,2010-12-27T00:00:00,360.0,259200.0,98.4,amip_edonly,366days,120secs,16.0,63.0,Float32,366.0,0.9840000000000001,
2026-07-26 08:39:09.101000+00:00,climacoupler-longruns,1184,failed,"Slabplanet: evolving slab ocean, bucket",passed,b58590c1de71629757ca9dced89fadbf496a21e1,11.136588333333334,0.03018017449327384,21.772047376934374,2010-01-06T00:00:00,5.0,1800.0,100.0,slabplanet_evolve_ocean,5days,240secs,8.0,63.0,Float64,5.0,1.0,
2026-07-26 08:39:09.147000+00:00,climacoupler-longruns,1184,failed,Aquaplanet: evolving slab ocean,passed,b58590c1de71629757ca9dced89fadbf496a21e1,11.068505,0.030330672601908644,21.664016407943272,2010-01-06T00:00:00,5.0,1800.0,100.0,slabplanet_aqua_evolve_ocean,5days,240secs,8.0,63.0,Float64,5.0,1.0,
2026-07-26 08:48:53.641000+00:00,climacoupler-longruns,1184,failed,GPU CMIP: prog. EDMF + integrated land,failed,b58590c1de71629757ca9dced89fadbf496a21e1,0.2474947222222222,,,,,,,cmip_progedmf_land,186days,,16.0,63.0,Float64,186.0,,UndefVarError: `ORCA1` not defined in `ClimaOcean.OceanConfigurations`
2026-08-01 15:34:41.624000+00:00,climacoupler-amip,297,passed,Current AMIP: progedmf + 1M + integrated land,passed,3cd543d30b7f88e293b47876089110a7b8447232,33.04195333333333,1.4833231920182677,0.22149056,2011-12-22T00:00:00,719.0,518400.0,98.4,amip,732days,120secs,16.0,63.0,Float32,732.0,0.9840000000000001,
2026-08-02 05:17:03.875000+00:00,climacoupler-cpu-gpu-benchmarks,330,passed,GPU AMIP with prognostic EDMF + 1M + integrated land (30 helems),passed,3cd543d30b7f88e293b47876089110a7b8447232,0.4909394444444445,0.10033572979507484,0.8186069,2010-01-01T00:20:00,0.01388888888888889,40.0,100.0,gpu_amip_progedmf_1M_land_he30,1200secs,30secs,30.0,63.0,Float32,0.013888888888888888,1.0,
2026-08-02 05:17:03.959000+00:00,climacoupler-cpu-gpu-benchmarks,330,passed,GPU AMIP with prognostic EDMF + 1M + integrated land (16 helems),passed,3cd543d30b7f88e293b47876089110a7b8447232,0.4792911111111111,0.33995829571257186,0.2416047,2010-01-01T00:20:00,0.01388888888888889,40.0,100.0,gpu_amip_progedmf_1M_land_he16,1200secs,30secs,16.0,63.0,Float32,0.013888888888888888,1.0,
2026-08-02 05:17:04.164000+00:00,climacoupler-cpu-gpu-benchmarks,330,passed,GPU AMIP with prognostic EDMF and IO,passed,3cd543d30b7f88e293b47876089110a7b8447232,0.4152544444444444,0.44621495163431885,0.73628664,2010-01-01T12:00:00,0.5,360.0,100.0,gpu_amip_progedmf_io,12hours,120secs,30.0,63.0,Float32,0.5,1.0,
2026-08-02 05:17:04.197000+00:00,climacoupler-cpu-gpu-benchmarks,330,passed,GPU ClimaAtmos without EDMF,passed,3cd543d30b7f88e293b47876089110a7b8447232,0.15957944444444444,0.8551450316543987,,,0.4875,351.0,97.5,,,,,,,,0.975,
2026-08-02 05:17:04.225000+00:00,climacoupler-cpu-gpu-benchmarks,330,passed,GPU AMIP with prognostic EDMF,passed,3cd543d30b7f88e293b47876089110a7b8447232,0.34415805555555556,0.9997975717990633,0.3286086,2010-01-01T12:00:00,0.5,360.0,100.0,gpu_amip_progedmf,12hours,120secs,30.0,63.0,Float32,0.5,1.0,
2026-08-02 05:17:04.290000+00:00,climacoupler-cpu-gpu-benchmarks,330,passed,GPU ClimaAtmos with prognostic EDMF,passed,3cd543d30b7f88e293b47876089110a7b8447232,0.2139275,0.7737129933545237,,,0.4875,351.0,97.5,,,,,,,,0.975,
2026-08-02 08:39:03.982000+00:00,climacoupler-longruns,1189,failed,GPU CMIP: ED only + integrated land,failed,3cd543d30b7f88e293b47876089110a7b8447232,0.2262663888888889,,,,,,,cmip_edonly_land,366days,,16.0,63.0,Float64,366.0,,UndefVarError: `ORCA1` not defined in `ClimaOcean.OceanConfigurations`
2026-08-02 08:39:04.007000+00:00,climacoupler-longruns,1189,failed,GPU AMIP + prog. EDMF + 1M + integrated land,passed,3cd543d30b7f88e293b47876089110a7b8447232,18.440618611111113,1.3479883124806762,0.2437277,2010-12-27T00:00:00,360.0,259200.0,98.4,amip_progedmf_1m_land,366days,120secs,16.0,63.0,Float32,366.0,0.9840000000000001,
2026-08-02 08:39:04.017000+00:00,climacoupler-longruns,1189,failed,GPU AMIP + prog. EDMF + integrated land,passed,3cd543d30b7f88e293b47876089110a7b8447232,12.879655555555557,1.9536503530743123,0.16816832,2010-12-27T00:00:00,360.0,259200.0,98.4,amip_progedmf_land,366days,120secs,16.0,63.0,Float32,366.0,0.9840000000000001,
2026-08-02 08:39:04.032000+00:00,climacoupler-longruns,1189,failed,GPU AMIP + ED only,passed,3cd543d30b7f88e293b47876089110a7b8447232,11.730733888888889,2.1148530553292457,0.15534985,2010-12-27T00:00:00,360.0,259200.0,98.4,amip_edonly,366days,120secs,16.0,63.0,Float32,366.0,0.9840000000000001,
2026-08-02 08:39:04.065000+00:00,climacoupler-longruns,1189,failed,GPU CMIP: ED only + bucket,failed,3cd543d30b7f88e293b47876089110a7b8447232,0.15518111111111113,,,,,,,cmip_edonly_bucket,366days,,16.0,63.0,Float64,366.0,,UndefVarError: `ORCA1` not defined in `ClimaOcean.OceanConfigurations`
2026-08-02 08:39:04.194000+00:00,climacoupler-longruns,1189,failed,GPU AMIP + prog. EDMF + integrated land + 2K SST,passed,3cd543d30b7f88e293b47876089110a7b8447232,12.713041944444445,1.9775913553500934,0.16613245,2010-12-27T00:00:00,360.0,259200.0,98.4,amip_progedmf_land_p2k,366days,120secs,16.0,63.0,Float32,366.0,0.9840000000000001,
2026-08-02 08:39:08.334000+00:00,climacoupler-longruns,1189,failed,Aquaplanet: evolving slab ocean,passed,3cd543d30b7f88e293b47876089110a7b8447232,11.101970277777777,0.030242309543088392,21.7273151038782,2010-01-06T00:00:00,5.0,1800.0,100.0,slabplanet_aqua_evolve_ocean,5days,240secs,8.0,63.0,Float64,5.0,1.0,
2026-08-02 08:39:08.346000+00:00,climacoupler-longruns,1189,failed,"Slabplanet: evolving slab ocean, bucket",passed,3cd543d30b7f88e293b47876089110a7b8447232,11.095927222222222,0.0302815218162229,21.69917987938376,2010-01-06T00:00:00,5.0,1800.0,100.0,slabplanet_evolve_ocean,5days,240secs,8.0,63.0,Float64,5.0,1.0,
2026-08-02 08:48:23.856000+00:00,climacoupler-longruns,1189,failed,GPU CMIP: prog. EDMF + integrated land,failed,3cd543d30b7f88e293b47876089110a7b8447232,0.2410891666666667,,,,,,,cmip_progedmf_land,186days,,16.0,63.0,Float64,186.0,,UndefVarError: `ORCA1` not defined in `ClimaOcean.OceanConfigurations`
2026-08-08 15:29:35.847000+00:00,climacoupler-amip,301,passed,Current AMIP: progedmf + 1M + integrated land,passed,e0e70d1dd009179b7773e503a4152d684bf9d432,32.88769888888889,1.4857803767348154,0.22112426,2011-12-22T00:00:00,719.0,518400.0,98.4,amip,732days,120secs,16.0,63.0,Float32,732.0,0.9840000000000001,
2026-08-09 02:27:12.578000+00:00,climacoupler-amip,302,passed,Current AMIP: progedmf + 1M + integrated land,passed,643f65b96d7c16ccba88f7a1d0cbab602d4f196f,32.83343166666667,1.4876531527840569,0.2208459,2011-12-22T00:00:00,719.0,518400.0,98.4,amip,732days,120secs,16.0,63.0,Float32,732.0,0.9840000000000001,
2026-08-09 05:16:04.012000+00:00,climacoupler-cpu-gpu-benchmarks,331,failed,GPU AMIP with prognostic EDMF + 1M + integrated land (16 helems),passed,643f65b96d7c16ccba88f7a1d0cbab602d4f196f,0.4889488888888889,0.3383915007787111,0.24272336,2010-01-01T00:20:00,0.01388888888888889,40.0,100.0,gpu_amip_progedmf_1M_land_he16,1200secs,30secs,16.0,63.0,Float32,0.013888888888888888,1.0,
2026-08-09 05:16:04.086000+00:00,climacoupler-cpu-gpu-benchmarks,331,failed,GPU AMIP with prognostic EDMF + 1M + integrated land (30 helems),passed,643f65b96d7c16ccba88f7a1d0cbab602d4f196f,0.4885244444444445,0.08618427070614092,0.9530222,2010-01-01T00:20:00,0.01388888888888889,40.0,100.0,gpu_amip_progedmf_1M_land_he30,1200secs,30secs,30.0,63.0,Float32,0.013888888888888888,1.0,
2026-08-09 05:16:04.091000+00:00,climacoupler-cpu-gpu-benchmarks,331,failed,GPU ClimaAtmos with prognostic EDMF,passed,643f65b96d7c16ccba88f7a1d0cbab602d4f196f,0.20469416666666668,0.7860103218375493,,,0.4875,351.0,97.5,,,,,,,,0.975,
2026-08-09 05:16:04.092000+00:00,climacoupler-cpu-gpu-benchmarks,331,failed,GPU ClimaAtmos without EDMF,passed,643f65b96d7c16ccba88f7a1d0cbab602d4f196f,0.14917555555555556,0.8688425870141537,,,0.4875,351.0,97.5,,,,,,,,0.975,
2026-08-09 05:19:20.973000+00:00,climacoupler-cpu-gpu-benchmarks,331,failed,GPU AMIP with prognostic EDMF,failed,643f65b96d7c16ccba88f7a1d0cbab602d4f196f,0.39094888888888885,,,,,,,gpu_amip_progedmf,12hours,120secs,30.0,63.0,Float32,0.5,,"a DomainError was thrown during kernel execution on thread (489, 1, 1) in block (103, 1, 1)."
2026-08-09 05:25:03.016000+00:00,climacoupler-cpu-gpu-benchmarks,331,failed,GPU AMIP with prognostic EDMF and IO,failed,643f65b96d7c16ccba88f7a1d0cbab602d4f196f,0.39070361111111107,,,,,,,gpu_amip_progedmf_io,12hours,120secs,30.0,63.0,Float32,0.5,,"a DomainError was thrown during kernel execution on thread (540, 1, 1) in block (103, 1, 1)."
2026-08-09 08:36:04.900000+00:00,climacoupler-longruns,1193,failed,GPU CMIP: ED only + bucket,failed,643f65b96d7c16ccba88f7a1d0cbab602d4f196f,2.0108561111111114,,,2010-01-18T01:36:00,17.041666666666668,4096.0,4.7,cmip_edonly_bucket,366days,,16.0,63.0,Float64,366.0,0.047,AssertionError: minimum((ice_fraction .+ land_fraction) .+ ocean_fraction) ≈ FT(1)
2026-08-09 08:36:04.964000+00:00,climacoupler-longruns,1193,failed,GPU AMIP + prog. EDMF + integrated land,passed,643f65b96d7c16ccba88f7a1d0cbab602d4f196f,12.502634722222222,1.9930276600883798,0.16484573,2010-12-31T02:08:00,364.0833333333333,262144.0,99.5,amip_progedmf_land,366days,120secs,16.0,63.0,Float32,366.0,0.995,
2026-08-09 08:36:05.030000+00:00,climacoupler-longruns,1193,failed,GPU AMIP + prog. EDMF + integrated land + 2K SST,passed,643f65b96d7c16ccba88f7a1d0cbab602d4f196f,12.441600000000001,2.0012597413820465,0.16416764,2010-12-31T02:08:00,364.0833333333333,262144.0,99.5,amip_progedmf_land_p2k,366days,120secs,16.0,63.0,Float32,366.0,0.995,
2026-08-09 08:36:05.061000+00:00,climacoupler-longruns,1193,failed,GPU CMIP: ED only + integrated land,failed,643f65b96d7c16ccba88f7a1d0cbab602d4f196f,1.7483969444444445,,,2010-01-09T12:48:00,8.5,2048.0,2.3,cmip_edonly_land,366days,,16.0,63.0,Float64,366.0,0.023,AssertionError: minimum((ice_fraction .+ land_fraction) .+ ocean_fraction) ≈ FT(1)
2026-08-09 08:36:05.173000+00:00,climacoupler-longruns,1193,failed,GPU AMIP + prog. EDMF + 1M + integrated land,passed,643f65b96d7c16ccba88f7a1d0cbab602d4f196f,21.184929166666667,1.1667784353353317,0.28158054,2010-12-31T02:08:00,364.0833333333333,262144.0,99.5,amip_progedmf_1m_land,366days,120secs,16.0,63.0,Float32,366.0,0.995,
2026-08-09 08:36:05.364000+00:00,climacoupler-longruns,1193,failed,GPU AMIP + ED only,passed,643f65b96d7c16ccba88f7a1d0cbab602d4f196f,11.577433611111111,2.1336039412020527,0.15398458,2010-12-31T02:08:00,364.0833333333333,262144.0,99.5,amip_edonly,366days,120secs,16.0,63.0,Float32,366.0,0.995,
2026-08-09 08:36:11.173000+00:00,climacoupler-longruns,1193,failed,Aquaplanet: evolving slab ocean,passed,643f65b96d7c16ccba88f7a1d0cbab602d4f196f,11.048105277777777,0.03039511242109687,21.618087138760846,2010-01-06T00:00:00,5.0,1800.0,100.0,slabplanet_aqua_evolve_ocean,5days,240secs,8.0,63.0,Float64,5.0,1.0,
2026-08-09 08:36:11.278000+00:00,climacoupler-longruns,1193,failed,"Slabplanet: evolving slab ocean, bucket",passed,643f65b96d7c16ccba88f7a1d0cbab602d4f196f,11.092341944444444,0.03030766004516659,21.68046586019744,2010-01-06T00:00:00,5.0,1800.0,100.0,slabplanet_evolve_ocean,5days,240secs,8.0,63.0,Float64,5.0,1.0,
2026-08-09 10:21:00.828000+00:00,climacoupler-longruns,1193,failed,GPU CMIP: prog. EDMF + integrated land,failed,643f65b96d7c16ccba88f7a1d0cbab602d4f196f,1.777632222222222,,,2010-01-09T12:48:00,8.5,2048.0,4.6,cmip_progedmf_land,186days,,16.0,63.0,Float64,186.0,0.046,AssertionError: minimum((ice_fraction .+ land_fraction) .+ ocean_fraction) ≈ FT(1)
2026-08-15 15:44:50.293000+00:00,climacoupler-amip,305,passed,Current AMIP: progedmf + 1M + integrated land,passed,e0d58c9550e7e7f998d0d3dd193d3748865478b6,32.865720277777775,1.4865003470059204,0.22101717,2011-12-22T00:00:00,719.0,518400.0,98.4,amip,732days,120secs,16.0,63.0,Float32,732.0,0.9840000000000001,
2026-08-16 05:16:04.866000+00:00,climacoupler-cpu-gpu-benchmarks,332,failed,GPU AMIP with prognostic EDMF + 1M + integrated land (30 helems),passed,6359bb3825140f8604067848be125527c1fdc286,0.7001622222222221,0.09070949093303138,0.90547884,2010-01-01T00:20:00,0.01388888888888889,40.0,100.0,gpu_amip_progedmf_1M_land_he30,1200secs,30secs,30.0,63.0,Float32,0.013888888888888888,1.0,
2026-08-16 05:16:04.896000+00:00,climacoupler-cpu-gpu-benchmarks,332,failed,GPU AMIP with prognostic EDMF + 1M + integrated land (16 helems),passed,6359bb3825140f8604067848be125527c1fdc286,0.6890030555555555,0.31339672980317457,0.26208162,2010-01-01T00:20:00,0.01388888888888889,40.0,100.0,gpu_amip_progedmf_1M_land_he16,1200secs,30secs,16.0,63.0,Float32,0.013888888888888888,1.0,
2026-08-16 05:16:04.956000+00:00,climacoupler-cpu-gpu-benchmarks,332,failed,GPU ClimaAtmos without EDMF,passed,6359bb3825140f8604067848be125527c1fdc286,0.16547305555555555,0.8551851958188962,,,0.4875,351.0,97.5,,,,,,,,0.975,
2026-08-16 05:16:04.959000+00:00,climacoupler-cpu-gpu-benchmarks,332,failed,GPU AMIP with prognostic EDMF,failed,6359bb3825140f8604067848be125527c1fdc286,0.440875,,,,,,,gpu_amip_progedmf,12hours,120secs,30.0,63.0,Float32,0.5,,"a DomainError was thrown during kernel execution on thread (361, 1, 1) in block (78, 1, 1)."
2026-08-16 05:16:05.027000+00:00,climacoupler-cpu-gpu-benchmarks,332,failed,GPU ClimaAtmos with prognostic EDMF,passed,6359bb3825140f8604067848be125527c1fdc286,0.2540852777777778,0.6724788480505879,,,0.4875,351.0,97.5,,,,,,,,0.975,
2026-08-16 05:16:05.150000+00:00,climacoupler-cpu-gpu-benchmarks,332,failed,GPU AMIP with prognostic EDMF and IO,failed,6359bb3825140f8604067848be125527c1fdc286,0.5278941666666667,,,,,,,gpu_amip_progedmf_io,12hours,120secs,30.0,63.0,Float32,0.5,,"a DomainError was thrown during kernel execution on thread (361, 1, 1) in block (78, 1, 1)."
2026-08-16 05:49:42.459000+00:00,climacoupler-amip,306,passed,Current AMIP: progedmf + 1M + integrated land,passed,953c273c047ca42eb4ecf2c08592542ecc111618,30.44973583333333,1.6153090895361197,0.20339271,2011-12-22T00:00:00,719.0,518400.0,98.4,amip,732days,120secs,16.0,63.0,Float32,732.0,0.9840000000000001,
2026-08-16 08:37:03.922000+00:00,climacoupler-longruns,1200,failed,GPU AMIP + ED only,passed,953c273c047ca42eb4ecf2c08592542ecc111618,12.458856944444445,1.9871359018919257,0.1653345,2010-12-31T02:08:00,364.0833333333333,262144.0,99.5,amip_edonly,366days,120secs,16.0,63.0,Float32,366.0,0.995,
2026-08-16 08:37:03.991000+00:00,climacoupler-longruns,1200,failed,GPU CMIP: ED only + bucket,failed,953c273c047ca42eb4ecf2c08592542ecc111618,2.6076599999999996,,,2010-01-18T01:36:00,17.041666666666668,4096.0,4.7,cmip_edonly_bucket,366days,,16.0,63.0,Float64,366.0,0.047,"a DomainError was thrown during kernel execution on thread (116, 1, 1) in block (30688, 1, 1)."
2026-08-16 08:37:04.002000+00:00,climacoupler-longruns,1200,failed,GPU CMIP: ED only + integrated land,passed,953c273c047ca42eb4ecf2c08592542ecc111618,25.79253222222222,0.9616116170692348,1.0249734,2010-12-27T00:00:00,360.0,86400.0,98.4,cmip_edonly_land,366days,,16.0,63.0,Float64,366.0,0.9840000000000001,
2026-08-16 08:37:04.017000+00:00,climacoupler-longruns,1200,failed,GPU AMIP + prog. EDMF + integrated land + 2K SST,passed,953c273c047ca42eb4ecf2c08592542ecc111618,13.205228333333334,1.895496605950795,0.17332771,2010-12-31T02:08:00,364.0833333333333,262144.0,99.5,amip_progedmf_land_p2k,366days,120secs,16.0,63.0,Float32,366.0,0.995,
2026-08-16 08:37:04.053000+00:00,climacoupler-longruns,1200,failed,GPU AMIP + prog. EDMF + integrated land,passed,953c273c047ca42eb4ecf2c08592542ecc111618,13.314405,1.8842077569637232,0.17436618,2010-12-31T02:08:00,364.0833333333333,262144.0,99.5,amip_progedmf_land,366days,120secs,16.0,63.0,Float32,366.0,0.995,
2026-08-16 08:37:04.105000+00:00,climacoupler-longruns,1200,failed,GPU AMIP + prog. EDMF + 1M + integrated land,passed,953c273c047ca42eb4ecf2c08592542ecc111618,19.98172111111111,1.25101116792834,0.26262122,2010-12-31T02:08:00,364.0833333333333,262144.0,99.5,amip_progedmf_1m_land,366days,120secs,16.0,63.0,Float32,366.0,0.995,
2026-08-16 08:37:10.093000+00:00,climacoupler-longruns,1200,failed,Aquaplanet: evolving slab ocean,passed,953c273c047ca42eb4ecf2c08592542ecc111618,12.41946861111111,0.027008440617897846,24.328845867401554,2010-01-06T00:00:00,5.0,1800.0,100.0,slabplanet_aqua_evolve_ocean,5days,240secs,8.0,63.0,Float64,5.0,1.0,
2026-08-16 08:37:10.220000+00:00,climacoupler-longruns,1200,failed,"Slabplanet: evolving slab ocean, bucket",passed,953c273c047ca42eb4ecf2c08592542ecc111618,12.4575,0.026950998027819615,24.380699677000557,2010-01-06T00:00:00,5.0,1800.0,100.0,slabplanet_evolve_ocean,5days,240secs,8.0,63.0,Float64,5.0,1.0,
2026-08-16 10:49:46.793000+00:00,climacoupler-longruns,1200,failed,GPU CMIP: prog. EDMF + integrated land,failed,953c273c047ca42eb4ecf2c08592542ecc111618,4.673769444444444,,,2010-02-07T04:48:00,37.166666666666664,8928.0,20.0,cmip_progedmf_land,186days,,16.0,63.0,Float64,186.0,0.2,"a DomainError was thrown during kernel execution on thread (208, 1, 1) in block (252, 1, 1)."
2026-08-22 15:41:09.607000+00:00,climacoupler-amip,309,passed,Current AMIP: progedmf + 1M + integrated land,passed,8746a318b482c73d057c3f3c6d83f618074e03fb,30.13101,1.632333791995974,0.20127138,2011-12-22T00:00:00,719.0,518400.0,98.4,amip,732days,120secs,16.0,63.0,Float32,732.0,0.9840000000000001,
2026-08-23 05:16:04.876000+00:00,climacoupler-cpu-gpu-benchmarks,333,passed,GPU AMIP with prognostic EDMF and IO,passed,8746a318b482c73d057c3f3c6d83f618074e03fb,0.5224644444444445,0.4352289852624057,0.75487185,2010-01-01T12:00:00,0.5,360.0,100.0,gpu_amip_progedmf_io,12hours,120secs,30.0,63.0,Float32,0.5,1.0,
2026-08-23 05:16:04.957000+00:00,climacoupler-cpu-gpu-benchmarks,333,passed,GPU AMIP with prognostic EDMF + 1M + integrated land (16 helems),passed,8746a318b482c73d057c3f3c6d83f618074e03fb,0.6315297222222223,0.2714585692726388,0.30257112,2010-01-01T00:20:00,0.01388888888888889,40.0,100.0,gpu_amip_progedmf_1M_land_he16,1200secs,30secs,16.0,63.0,Float32,0.013888888888888888,1.0,
2026-08-23 05:16:04.959000+00:00,climacoupler-cpu-gpu-benchmarks,333,passed,GPU ClimaAtmos with prognostic EDMF,passed,8746a318b482c73d057c3f3c6d83f618074e03fb,0.23122888888888887,0.6765604443747609,,,0.4875,351.0,97.5,,,,,,,,0.975,
2026-08-23 05:16:04.979000+00:00,climacoupler-cpu-gpu-benchmarks,333,passed,GPU AMIP with prognostic EDMF,passed,8746a318b482c73d057c3f3c6d83f618074e03fb,0.42825138888888886,0.9432842881471718,0.34829596,2010-01-01T12:00:00,0.5,360.0,100.0,gpu_amip_progedmf,12hours,120secs,30.0,63.0,Float32,0.5,1.0,
2026-08-23 05:16:05.021000+00:00,climacoupler-cpu-gpu-benchmarks,333,passed,GPU AMIP with prognostic EDMF + 1M + integrated land (30 helems),passed,8746a318b482c73d057c3f3c6d83f618074e03fb,0.6765694444444444,0.0809861134940739,1.0141927,2010-01-01T00:20:00,0.01388888888888889,40.0,100.0,gpu_amip_progedmf_1M_land_he30,1200secs,30secs,30.0,63.0,Float32,0.013888888888888888,1.0,
2026-08-23 05:16:05.030000+00:00,climacoupler-cpu-gpu-benchmarks,333,passed,GPU ClimaAtmos without EDMF,passed,8746a318b482c73d057c3f3c6d83f618074e03fb,0.1716925,0.8457575430409561,,,0.4875,351.0,97.5,,,,,,,,0.975,
2026-08-23 08:37:03.912000+00:00,climacoupler-longruns,1202,failed,GPU AMIP + prog. EDMF + 1M + integrated land,passed,8746a318b482c73d057c3f3c6d83f618074e03fb,19.78047833333333,1.2639132709106258,0.2599404,2010-12-31T02:08:00,364.0833333333333,262144.0,99.5,amip_progedmf_1m_land,366days,120secs,16.0,63.0,Float32,366.0,0.995,
2026-08-23 08:37:03.940000+00:00,climacoupler-longruns,1202,failed,GPU CMIP: ED only + integrated land,failed,8746a318b482c73d057c3f3c6d83f618074e03fb,0.8563047222222222,,,2010-01-01T12:48:00,0.5333333333333333,128.0,0.1,cmip_edonly_land,366days,,16.0,63.0,Float64,366.0,0.001,AssertionError: minimum((ice_fraction .+ land_fraction) .+ ocean_fraction) ≈ FT(1)
2026-08-23 08:37:03.957000+00:00,climacoupler-longruns,1202,failed,GPU AMIP + ED only,passed,8746a318b482c73d057c3f3c6d83f618074e03fb,12.336619166666667,2.0050007708017565,0.16386133,2010-12-31T02:08:00,364.0833333333333,262144.0,99.5,amip_edonly,366days,120secs,16.0,63.0,Float32,366.0,0.995,
2026-08-23 08:37:03.996000+00:00,climacoupler-longruns,1202,failed,GPU CMIP: ED only + bucket,failed,8746a318b482c73d057c3f3c6d83f618074e03fb,0.8623522222222222,,,2010-01-03T03:12:00,2.125,512.0,0.6,cmip_edonly_bucket,366days,,16.0,63.0,Float64,366.0,0.006,AssertionError: minimum((ice_fraction .+ land_fraction) .+ ocean_fraction) ≈ FT(1)
2026-08-23 08:37:04.027000+00:00,climacoupler-longruns,1202,failed,GPU AMIP + prog. EDMF + integrated land + 2K SST,passed,8746a318b482c73d057c3f3c6d83f618074e03fb,13.392802777777776,1.8755283634643611,0.17517309,2010-12-31T02:08:00,364.0833333333333,262144.0,99.5,amip_progedmf_land_p2k,366days,120secs,16.0,63.0,Float32,366.0,0.995,
2026-08-23 08:37:04.042000+00:00,climacoupler-longruns,1202,failed,GPU AMIP + prog. EDMF + integrated land,passed,8746a318b482c73d057c3f3c6d83f618074e03fb,13.3705325,1.8796711121923937,0.17478701,2010-12-31T02:08:00,364.0833333333333,262144.0,99.5,amip_progedmf_land,366days,120secs,16.0,63.0,Float32,366.0,0.995,
2026-08-23 08:37:09.212000+00:00,climacoupler-longruns,1202,failed,"Slabplanet: evolving slab ocean, bucket",passed,8746a318b482c73d057c3f3c6d83f618074e03fb,12.826428055555557,0.026182982508649238,25.095849515793105,2010-01-06T00:00:00,5.0,1800.0,100.0,slabplanet_evolve_ocean,5days,240secs,8.0,63.0,Float64,5.0,1.0,
2026-08-23 08:37:09.250000+00:00,climacoupler-longruns,1202,failed,Aquaplanet: evolving slab ocean,passed,8746a318b482c73d057c3f3c6d83f618074e03fb,12.847987777777778,0.026113644583505558,25.162484953431033,2010-01-06T00:00:00,5.0,1800.0,100.0,slabplanet_aqua_evolve_ocean,5days,240secs,8.0,63.0,Float64,5.0,1.0,
2026-08-23 09:28:27.980000+00:00,climacoupler-longruns,1202,failed,GPU CMIP: prog. EDMF + integrated land,failed,8746a318b482c73d057c3f3c6d83f618074e03fb,0.9589966666666666,,,2010-01-02T01:36:00,1.0416666666666667,256.0,0.6,cmip_progedmf_land,186days,,16.0,63.0,Float64,186.0,0.006,AssertionError: minimum((ice_fraction .+ land_fraction) .+ ocean_fraction) ≈ FT(1)
2026-08-30 05:16:03.991000+00:00,climacoupler-cpu-gpu-benchmarks,334,failed,GPU ClimaAtmos without EDMF,passed,f895dcd34a0ed3a1b983dd8465d9efe433c10ad2,0.16546166666666667,0.8515992115116896,,,0.4875,351.0,97.5,,,,,,,,0.975,
2026-08-30 05:16:04.029000+00:00,climacoupler-cpu-gpu-benchmarks,334,failed,GPU AMIP with prognostic EDMF and IO,failed,f895dcd34a0ed3a1b983dd8465d9efe433c10ad2,0.5259663888888889,,,,,,,gpu_amip_progedmf_io,12hours,120secs,30.0,63.0,Float32,0.5,,"a DomainError was thrown during kernel execution on thread (584, 1, 1) in block (77, 1, 1)."
2026-08-30 05:16:04.034000+00:00,climacoupler-cpu-gpu-benchmarks,334,failed,GPU ClimaAtmos with prognostic EDMF,passed,f895dcd34a0ed3a1b983dd8465d9efe433c10ad2,0.23615861111111114,0.6784810657327062,,,0.4875,351.0,97.5,,,,,,,,0.975,
2026-08-30 05:16:04.044000+00:00,climacoupler-cpu-gpu-benchmarks,334,failed,GPU AMIP with prognostic EDMF + 1M + integrated land (16 helems),passed,f895dcd34a0ed3a1b983dd8465d9efe433c10ad2,0.6609211111111111,0.2709001734402681,0.3031948,2010-01-01T00:20:00,0.01388888888888889,40.0,100.0,gpu_amip_progedmf_1M_land_he16,1200secs,30secs,16.0,63.0,Float32,0.013888888888888888,1.0,
2026-08-30 05:16:04.051000+00:00,climacoupler-cpu-gpu-benchmarks,334,failed,GPU AMIP with prognostic EDMF + 1M + integrated land (30 helems),passed,f895dcd34a0ed3a1b983dd8465d9efe433c10ad2,0.7411177777777778,0.08079265770727266,1.0166211,2010-01-01T00:20:00,0.01388888888888889,40.0,100.0,gpu_amip_progedmf_1M_land_he30,1200secs,30secs,30.0,63.0,Float32,0.013888888888888888,1.0,
2026-08-30 05:16:04.099000+00:00,climacoupler-cpu-gpu-benchmarks,334,failed,GPU AMIP with prognostic EDMF,failed,f895dcd34a0ed3a1b983dd8465d9efe433c10ad2,0.4694130555555555,,,,,,,gpu_amip_progedmf,12hours,120secs,30.0,63.0,Float32,0.5,,"a DomainError was thrown during kernel execution on thread (584, 1, 1) in block (77, 1, 1)."
2026-08-30 08:37:04.926000+00:00,climacoupler-longruns,1203,failed,GPU AMIP + prog. EDMF + integrated land,passed,f895dcd34a0ed3a1b983dd8465d9efe433c10ad2,13.55812,1.8576360951664839,0.1768603,2010-12-31T02:08:00,364.0833333333333,262144.0,99.5,amip_progedmf_land,366days,120secs,16.0,63.0,Float32,366.0,0.995,
2026-08-30 08:37:04.969000+00:00,climacoupler-longruns,1203,failed,GPU CMIP: ED only + integrated land,failed,f895dcd34a0ed3a1b983dd8465d9efe433c10ad2,1.2357133333333334,,,2010-01-05T06:24:00,4.25,1024.0,1.2,cmip_edonly_land,366days,,16.0,63.0,Float64,366.0,0.012,AssertionError: minimum((ice_fraction .+ land_fraction) .+ ocean_fraction) ≈ FT(1)
2026-08-30 08:37:04.971000+00:00,climacoupler-longruns,1203,failed,GPU AMIP + prog. EDMF + 1M + integrated land,passed,f895dcd34a0ed3a1b983dd8465d9efe433c10ad2,19.994240555555557,1.2463140789037266,0.263611,2010-12-31T02:08:00,364.0833333333333,262144.0,99.5,amip_progedmf_1m_land,366days,120secs,16.0,63.0,Float32,366.0,0.995,
2026-08-30 08:37:04.993000+00:00,climacoupler-longruns,1203,failed,GPU AMIP + prog. EDMF + integrated land + 2K SST,passed,f895dcd34a0ed3a1b983dd8465d9efe433c10ad2,13.512448333333333,1.861583597847337,0.17648527,2010-12-31T02:08:00,364.0833333333333,262144.0,99.5,amip_progedmf_land_p2k,366days,120secs,16.0,63.0,Float32,366.0,0.995,
2026-08-30 08:37:05.026000+00:00,climacoupler-longruns,1203,failed,GPU CMIP: ED only + bucket,failed,f895dcd34a0ed3a1b983dd8465d9efe433c10ad2,1.0006566666666667,,,2010-01-05T06:24:00,4.25,1024.0,1.2,cmip_edonly_bucket,366days,,16.0,63.0,Float64,366.0,0.012,AssertionError: minimum((ice_fraction .+ land_fraction) .+ ocean_fraction) ≈ FT(1)
2026-08-30 08:37:05.028000+00:00,climacoupler-longruns,1203,failed,GPU AMIP + ED only,passed,f895dcd34a0ed3a1b983dd8465d9efe433c10ad2,12.520558611111111,1.9787916185890444,0.16603167,2010-12-31T02:08:00,364.0833333333333,262144.0,99.5,amip_edonly,366days,120secs,16.0,63.0,Float32,366.0,0.995,
2026-08-30 08:37:05.073000+00:00,climacoupler-longruns,1203,failed,GPU CMIP: prog. EDMF + integrated land,failed,f895dcd34a0ed3a1b983dd8465d9efe433c10ad2,1.5760544444444444,,,2010-01-05T06:24:00,4.25,1024.0,2.3,cmip_progedmf_land,186days,,16.0,63.0,Float64,186.0,0.023,"a DomainError was thrown during kernel execution on thread (193, 1, 1) in block (22, 1, 1)."
2026-08-30 08:37:07.874000+00:00,climacoupler-longruns,1203,failed,Aquaplanet: evolving slab ocean,passed,f895dcd34a0ed3a1b983dd8465d9efe433c10ad2,12.784569444444443,0.02626326231490821,25.01913817990211,2010-01-06T00:00:00,5.0,1800.0,100.0,slabplanet_aqua_evolve_ocean,5days,240secs,8.0,63.0,Float64,5.0,1.0,
2026-08-30 08:37:07.902000+00:00,climacoupler-longruns,1203,failed,"Slabplanet: evolving slab ocean, bucket",passed,f895dcd34a0ed3a1b983dd8465d9efe433c10ad2,12.807956388888888,0.026239869214877483,25.04144298627642,2010-01-06T00:00:00,5.0,1800.0,100.0,slabplanet_evolve_ocean,5days,240secs,8.0,63.0,Float64,5.0,1.0,
